XLabel,Wavenumber
YLabel,Response
FileType,Single Beam
DisplayDirection,20300
PeakDirection,20312
0.000000,-0.000009
1.928445,-0.000007
3.856891,0.000000
5.785336,0.000010
7.713782,0.000026
9.642227,0.000045
11.570673,0.000052
13.499118,0.000041
15.427564,0.000024
17.356009,0.000023
19.284455,0.000045
21.212900,0.000088
23.141346,0.000120
25.069791,0.000115
26.998236,0.000073
28.926682,0.000017
30.855127,-0.000002
32.783573,0.000090
34.712018,0.000223
36.640464,0.000266
38.568909,0.000237
40.497355,0.000183
42.425800,0.000054
44.354246,-0.000121
46.282691,-0.000180
48.211136,-0.000087
50.139582,0.000122
52.068027,0.000328
53.996473,0.000347
55.924918,0.000142
57.853364,-0.000047
59.781809,-0.000014
61.710255,0.000229
63.638700,0.000476
65.567146,0.000572
67.495591,0.000527
69.424037,0.000460
71.352482,0.000322
73.280927,0.000057
75.209373,-0.000170
77.137818,-0.000201
79.066264,-0.000136
80.994709,-0.000070
82.923155,-0.000049
84.851600,-0.000059
86.780046,-0.000056
88.708491,-0.000036
90.636937,-0.000048
92.565382,-0.000081
94.493827,-0.000087
96.422273,-0.000005
98.350718,0.000070
100.279164,-0.000013
102.207609,-0.000120
104.136055,-0.000044
106.064500,0.000144
107.992946,0.000279
109.921391,0.000360
111.849837,0.000321
113.778282,0.000245
115.706728,0.000168
117.635173,0.000110
119.563618,0.000116
121.492064,0.000189
123.420509,0.000260
125.348955,0.000251
127.277400,0.000132
129.205846,-0.000043
131.134291,-0.000138
133.062737,-0.000045
134.991182,0.000138
136.919628,0.000209
138.848073,0.000164
140.776518,0.000150
142.704964,0.000152
144.633409,0.000093
146.561855,-0.000033
148.490300,-0.000174
150.418746,-0.000259
152.347191,-0.000200
154.275637,0.000018
156.204082,0.000329
158.132528,0.000549
160.060973,0.000542
161.989419,0.000358
163.917864,0.000207
165.846309,0.000154
167.774755,0.000056
169.703200,-0.000094
171.631646,-0.000113
173.560091,0.000047
175.488537,0.000153
177.416982,0.000068
179.345428,-0.000051
181.273873,0.000002
183.202319,0.000158
185.130764,0.000234
187.059209,0.000238
188.987655,0.000152
190.916100,-0.000012
192.844546,-0.000060
194.772991,0.000012
196.701437,-0.000045
198.629882,-0.000109
200.558328,-0.000014
202.486773,0.000059
204.415219,0.000020
206.343664,0.000025
208.272110,0.000180
210.200555,0.000341
212.129000,0.000376
214.057446,0.000328
215.985891,0.000318
217.914337,0.000389
219.842782,0.000417
221.771228,0.000283
223.699673,0.000077
225.628119,-0.000039
227.556564,-0.000053
229.485010,-0.000039
231.413455,-0.000003
233.341900,0.000104
235.270346,0.000293
237.198791,0.000452
239.127237,0.000437
241.055682,0.000310
242.984128,0.000256
244.912573,0.000276
246.841019,0.000252
248.769464,0.000165
250.697910,0.000074
252.626355,0.000042
254.554801,0.000072
256.483246,0.000050
258.411691,-0.000103
260.340137,-0.000231
262.268582,-0.000164
264.197028,0.000025
266.125473,0.000179
268.053919,0.000258
269.982364,0.000259
271.910810,0.000118
273.839255,-0.000070
275.767701,-0.000133
277.696146,-0.000095
279.624591,-0.000071
281.553037,-0.000068
283.481482,-0.000046
285.409928,0.000054
287.338373,0.000242
289.266819,0.000417
291.195264,0.000467
293.123710,0.000376
295.052155,0.000219
296.980601,0.000080
298.909046,-0.000017
300.837492,-0.000055
302.765937,0.000004
304.694382,0.000125
306.622828,0.000180
308.551273,0.000096
310.479719,0.000005
312.408164,0.000035
314.336610,0.000158
316.265055,0.000105
318.193501,-0.000103
320.121946,-0.000127
322.050392,0.000129
323.978837,0.000410
325.907282,0.000556
327.835728,0.000438
329.764173,0.000278
331.692619,0.000201
333.621064,0.000170
335.549510,0.000199
337.477955,0.000320
339.406401,0.000423
341.334846,0.000364
343.263292,-0.000206
345.191737,-0.001133
347.120183,-0.001250
349.048628,0.000038
350.977073,0.000637
352.905519,0.000629
354.833964,0.000413
356.762410,0.000317
358.690855,0.000200
360.619301,0.000092
362.547746,0.000074
364.476192,0.000137
366.404637,0.000219
368.333083,0.000271
370.261528,0.000227
372.189973,0.000101
374.118419,-0.000014
376.046864,-0.000022
377.975310,0.000013
379.903755,0.000050
381.832201,0.000142
383.760646,0.000277
385.689092,0.000380
387.617537,0.000440
389.545983,0.000367
391.474428,0.000249
393.402874,0.000164
395.331319,0.000068
397.259764,-0.000019
399.188210,-0.000054
401.116655,-0.000121
403.045101,-0.000246
404.973546,-0.000284
406.901992,-0.000124
408.830437,0.000220
410.758883,0.000508
412.687328,0.000558
414.615774,0.000490
416.544219,0.000361
418.472664,0.000178
420.401110,0.000046
422.329555,0.000126
424.258001,0.000323
426.186446,0.000363
428.114892,0.000167
430.043337,0.000031
431.971783,0.000196
433.900228,0.000482
435.828674,0.000522
437.757119,0.000368
439.685565,0.000123
441.614010,-0.000229
443.542455,-0.000490
445.470901,-0.000431
447.399346,-0.000148
449.327792,0.000065
451.256237,0.000131
453.184683,0.000117
455.113128,0.000171
457.041574,0.000286
458.970019,0.000296
460.898465,0.000148
462.826910,0.000014
464.755355,0.000068
466.683801,0.000310
468.612246,0.000562
470.540692,0.000606
472.469137,0.000460
474.397583,0.000332
476.326028,0.000269
478.254474,0.000162
480.182919,-0.000008
482.111365,-0.000101
484.039810,-0.000043
485.968256,0.000099
487.896701,0.000286
489.825146,0.000516
491.753592,0.000620
493.682037,0.000471
495.610483,0.000227
497.538928,0.000054
499.467374,-0.000080
501.395819,-0.000185
503.324265,-0.000183
505.252710,-0.000094
507.181156,-0.000010
509.109601,0.000091
511.038046,0.000244
512.966492,0.000366
514.894937,0.000333
516.823383,0.000147
518.751828,-0.000058
520.680274,-0.000130
522.608719,-0.000072
524.537165,0.000007
526.465610,0.000081
528.394056,0.000282
530.322501,0.000632
532.250947,0.000830
534.179392,0.000648
536.107837,0.000320
538.036283,0.000092
539.964728,0.000079
541.893174,0.000195
543.821619,0.000231
545.750065,0.000152
547.678510,0.000079
549.606956,0.000041
551.535401,-0.000022
553.463847,-0.000053
555.392292,0.000008
557.320737,0.000082
559.249183,0.000096
561.177628,0.000074
563.106074,0.000214
565.034519,0.000313
566.962965,0.000175
568.891410,0.000056
570.819856,-0.000044
572.748301,-0.000172
574.676747,-0.000107
576.605192,0.000229
578.533638,0.000521
580.462083,0.000495
582.390528,0.000247
584.318974,-0.000049
586.247419,-0.000254
588.175865,-0.000258
590.104310,-0.000140
592.032756,-0.000034
593.961201,0.000049
595.889647,0.000176
597.818092,0.000321
599.746538,0.000395
601.674983,0.000377
603.603428,0.000366
605.531874,0.000422
607.460319,0.000428
609.388765,0.000251
611.317210,-0.000065
613.245656,-0.000348
615.174101,-0.000441
617.102547,-0.000319
619.030992,-0.000078
620.959438,0.000146
622.887883,0.000207
624.816329,0.000033
626.744774,-0.000171
628.673219,-0.000114
630.601665,0.000103
632.530110,0.000244
634.458556,0.000372
636.387001,0.000493
638.315447,0.000407
640.243892,0.000155
642.172338,0.000050
644.100783,0.000158
646.029229,0.000233
647.957674,0.000194
649.886119,0.000186
651.814565,0.000225
653.743010,0.000260
655.671456,0.000387
657.599901,0.000628
659.528347,0.000801
661.456792,0.000847
663.385238,0.000861
665.313683,0.000836
667.242129,0.000820
669.170574,0.000969
671.099020,0.001215
673.027465,0.001312
674.955910,0.001231
676.884356,0.001152
678.812801,0.001156
680.741247,0.001186
682.669692,0.001199
684.598138,0.001264
686.526583,0.001409
688.455029,0.001476
690.383474,0.001377
692.311920,0.001319
694.240365,0.001508
696.168810,0.001850
698.097256,0.002178
700.025701,0.002407
701.954147,0.002464
703.882592,0.002317
705.811038,0.002121
707.739483,0.002028
709.667929,0.001994
711.596374,0.001955
713.524820,0.001962
715.453265,0.002062
717.381711,0.002197
719.310156,0.002284
721.238601,0.002301
723.167047,0.002303
725.095492,0.002327
727.023938,0.002351
728.952383,0.002347
730.880829,0.002273
732.809274,0.002126
734.737720,0.002031
736.666165,0.002083
738.594611,0.002152
740.523056,0.002047
742.451501,0.001850
744.379947,0.001846
746.308392,0.002080
748.236838,0.002339
750.165283,0.002504
752.093729,0.002546
754.022174,0.002419
755.950620,0.002225
757.879065,0.002169
759.807511,0.002296
761.735956,0.002404
763.664402,0.002309
765.592847,0.002128
767.521292,0.002116
769.449738,0.002288
771.378183,0.002456
773.306629,0.002491
775.235074,0.002417
777.163520,0.002345
779.091965,0.002367
781.020411,0.002447
782.948856,0.002465
784.877302,0.002334
786.805747,0.002083
788.734192,0.001928
790.662638,0.002098
792.591083,0.002503
794.519529,0.002760
796.447974,0.002648
798.376420,0.002345
800.304865,0.002140
802.233311,0.002106
804.161756,0.002160
806.090202,0.002228
808.018647,0.002275
809.947093,0.002330
811.875538,0.002398
813.803983,0.002384
815.732429,0.002291
817.660874,0.002231
819.589320,0.002197
821.517765,0.002133
823.446211,0.002075
825.374656,0.002062
827.303102,0.002099
829.231547,0.002170
831.159993,0.002202
833.088438,0.002142
835.016883,0.002054
836.945329,0.002040
838.873774,0.002112
840.802220,0.002225
842.730665,0.002340
844.659111,0.002405
846.587556,0.002368
848.516002,0.002236
850.444447,0.002092
852.372893,0.002028
854.301338,0.002078
856.229784,0.002166
858.158229,0.002187
860.086674,0.002170
862.015120,0.002231
863.943565,0.002357
865.872011,0.002425
867.800456,0.002376
869.728902,0.002258
871.657347,0.002164
873.585793,0.002141
875.514238,0.002146
877.442684,0.002154
879.371129,0.002174
881.299574,0.002156
883.228020,0.002058
885.156465,0.001922
887.084911,0.001819
889.013356,0.001774
890.941802,0.001799
892.870247,0.001942
894.798693,0.002196
896.727138,0.002352
898.655584,0.002180
900.584029,0.001823
902.512475,0.001670
904.440920,0.001818
906.369365,0.002006
908.297811,0.002043
910.226256,0.002025
912.154702,0.002072
914.083147,0.002041
916.011593,0.001779
917.940038,0.001508
919.868484,0.001527
921.796929,0.001769
923.725375,0.001947
925.653820,0.001952
927.582265,0.001923
929.510711,0.002005
931.439156,0.002144
933.367602,0.002188
935.296047,0.002110
937.224493,0.001992
939.152938,0.001886
941.081384,0.001857
943.009829,0.001980
944.938275,0.002192
946.866720,0.002332
948.795166,0.002361
950.723611,0.002308
952.652056,0.002124
954.580502,0.001847
956.508947,0.001701
958.437393,0.001778
960.365838,0.001925
962.294284,0.001982
964.222729,0.001941
966.151175,0.001906
968.079620,0.001956
970.008066,0.002036
971.936511,0.002064
973.864956,0.002042
975.793402,0.001989
977.721847,0.001894
979.650293,0.001782
981.578738,0.001753
983.507184,0.001802
985.435629,0.001807
987.364075,0.001753
989.292520,0.001691
991.220966,0.001597
993.149411,0.001478
995.077857,0.001398
997.006302,0.001401
998.934747,0.001494
1000.863193,0.001622
1002.791638,0.001751
1004.720084,0.001878
1006.648529,0.001893
1008.576975,0.001730
1010.505420,0.001535
1012.433866,0.001457
1014.362311,0.001469
1016.290757,0.001481
1018.219202,0.001456
1020.147648,0.001411
1022.076093,0.001434
1024.004538,0.001634
1025.932984,0.001936
1027.861429,0.002037
1029.789875,0.001803
1031.718320,0.001560
1033.646766,0.001637
1035.575211,0.001839
1037.503657,0.001771
1039.432102,0.001450
1041.360548,0.001176
1043.288993,0.001084
1045.217438,0.001164
1047.145884,0.001355
1049.074329,0.001531
1051.002775,0.001622
1052.931220,0.001646
1054.859666,0.001579
1056.788111,0.001443
1058.716557,0.001360
1060.645002,0.001367
1062.573448,0.001397
1064.501893,0.001444
1066.430339,0.001553
1068.358784,0.001693
1070.287229,0.001743
1072.215675,0.001620
1074.144120,0.001433
1076.072566,0.001436
1078.001011,0.001671
1079.929457,0.001839
1081.857902,0.001758
1083.786348,0.001637
1085.714793,0.001691
1087.643239,0.001811
1089.571684,0.001801
1091.500129,0.001700
1093.428575,0.001691
1095.357020,0.001794
1097.285466,0.001842
1099.213911,0.001751
1101.142357,0.001609
1103.070802,0.001531
1104.999248,0.001541
1106.927693,0.001579
1108.856139,0.001605
1110.784584,0.001611
1112.713030,0.001588
1114.641475,0.001538
1116.569920,0.001465
1118.498366,0.001403
1120.426811,0.001387
1122.355257,0.001382
1124.283702,0.001369
1126.212148,0.001412
1128.140593,0.001552
1130.069039,0.001720
1131.997484,0.001793
1133.925930,0.001713
1135.854375,0.001553
1137.782820,0.001457
1139.711266,0.001542
1141.639711,0.001775
1143.568157,0.001970
1145.496602,0.001995
1147.425048,0.001891
1149.353493,0.001777
1151.281939,0.001717
1153.210384,0.001667
1155.138830,0.001559
1157.067275,0.001451
1158.995721,0.001449
1160.924166,0.001547
1162.852611,0.001651
1164.781057,0.001684
1166.709502,0.001697
1168.637948,0.001806
1170.566393,0.001958
1172.494839,0.001983
1174.423284,0.001857
1176.351730,0.001623
1178.280175,0.001320
1180.208621,0.001112
1182.137066,0.001147
1184.065511,0.001377
1185.993957,0.001659
1187.922402,0.001863
1189.850848,0.001988
1191.779293,0.002085
1193.707739,0.002011
1195.636184,0.001687
1197.564630,0.001441
1199.493075,0.001562
1201.421521,0.001840
1203.349966,0.001967
1205.278412,0.001932
1207.206857,0.001840
1209.135302,0.001731
1211.063748,0.001588
1212.992193,0.001417
1214.920639,0.001353
1216.849084,0.001467
1218.777530,0.001589
1220.705975,0.001586
1222.634421,0.001527
1224.562866,0.001510
1226.491312,0.001599
1228.419757,0.001781
1230.348202,0.001917
1232.276648,0.001959
1234.205093,0.002032
1236.133539,0.002154
1238.061984,0.002144
1239.990430,0.001904
1241.918875,0.001592
1243.847321,0.001440
1245.775766,0.001518
1247.704212,0.001708
1249.632657,0.001824
1251.561103,0.001804
1253.489548,0.001785
1255.417993,0.001865
1257.346439,0.001924
1259.274884,0.001849
1261.203330,0.001704
1263.131775,0.001599
1265.060221,0.001595
1266.988666,0.001695
1268.917112,0.001816
1270.845557,0.001868
1272.774003,0.001856
1274.702448,0.001834
1276.630893,0.001830
1278.559339,0.001875
1280.487784,0.001985
1282.416230,0.002057
1284.344675,0.002012
1286.273121,0.001933
1288.201566,0.001908
1290.130012,0.001957
1292.058457,0.002035
1293.986903,0.001983
1295.915348,0.001720
1297.843794,0.001415
1299.772239,0.001306
1301.700684,0.001468
1303.629130,0.001781
1305.557575,0.002045
1307.486021,0.002115
1309.414466,0.001965
1311.342912,0.001708
1313.271357,0.001525
1315.199803,0.001500
1317.128248,0.001549
1319.056694,0.001580
1320.985139,0.001644
1322.913584,0.001828
1324.842030,0.002032
1326.770475,0.002060
1328.698921,0.001880
1330.627366,0.001678
1332.555812,0.001679
1334.484257,0.001844
1336.412703,0.001912
1338.341148,0.001852
1340.269594,0.001840
1342.198039,0.001881
1344.126485,0.001878
1346.054930,0.001831
1347.983375,0.001781
1349.911821,0.001756
1351.840266,0.001769
1353.768712,0.001798
1355.697157,0.001793
1357.625603,0.001771
1359.554048,0.001761
1361.482494,0.001705
1363.410939,0.001592
1365.339385,0.001522
1367.267830,0.001542
1369.196275,0.001585
1371.124721,0.001541
1373.053166,0.001357
1374.981612,0.001146
1376.910057,0.001100
1378.838503,0.001268
1380.766948,0.001519
1382.695394,0.001647
1384.623839,0.001568
1386.552285,0.001459
1388.480730,0.001526
1390.409176,0.001697
1392.337621,0.001753
1394.266066,0.001658
1396.194512,0.001560
1398.122957,0.001552
1400.051403,0.001605
1401.979848,0.001633
1403.908294,0.001604
1405.836739,0.001583
1407.765185,0.001622
1409.693630,0.001688
1411.622076,0.001741
1413.550521,0.001760
1415.478966,0.001667
1417.407412,0.001375
1419.335857,0.001035
1421.264303,0.000945
1423.192748,0.001179
1425.121194,0.001488
1427.049639,0.001610
1428.978085,0.001574
1430.906530,0.001565
1432.834976,0.001521
1434.763421,0.001308
1436.691867,0.001127
1438.620312,0.001210
1440.548757,0.001429
1442.477203,0.001499
1444.405648,0.001371
1446.334094,0.001234
1448.262539,0.001202
1450.190985,0.001205
1452.119430,0.001201
1454.047876,0.001226
1455.976321,0.001296
1457.904767,0.001378
1459.833212,0.001394
1461.761657,0.001327
1463.690103,0.001301
1465.618548,0.001395
1467.546994,0.001483
1469.475439,0.001393
1471.403885,0.001133
1473.332330,0.000917
1475.260776,0.000962
1477.189221,0.001260
1479.117667,0.001565
1481.046112,0.001665
1482.974558,0.001604
1484.903003,0.001513
1486.831448,0.001378
1488.759894,0.001204
1490.688339,0.001175
1492.616785,0.001337
1494.545230,0.001441
1496.473676,0.001378
1498.402121,0.001345
1500.330567,0.001441
1502.259012,0.001502
1504.187458,0.001398
1506.115903,0.001250
1508.044348,0.001240
1509.972794,0.001314
1511.901239,0.001265
1513.829685,0.001041
1515.758130,0.000848
1517.686576,0.000840
1519.615021,0.000875
1521.543467,0.000818
1523.471912,0.000808
1525.400358,0.000957
1527.328803,0.001085
1529.257249,0.000992
1531.185694,0.000791
1533.114139,0.000739
1535.042585,0.000836
1536.971030,0.000892
1538.899476,0.000887
1540.827921,0.000929
1542.756367,0.001003
1544.684812,0.001060
1546.613258,0.001137
1548.541703,0.001226
1550.470149,0.001255
1552.398594,0.001195
1554.327039,0.001078
1556.255485,0.000976
1558.183930,0.000944
1560.112376,0.000993
1562.040821,0.001087
1563.969267,0.001161
1565.897712,0.001178
1567.826158,0.001181
1569.754603,0.001271
1571.683049,0.001412
1573.611494,0.001404
1575.539940,0.001210
1577.468385,0.001029
1579.396830,0.001001
1581.325276,0.001078
1583.253721,0.001149
1585.182167,0.001161
1587.110612,0.001199
1589.039058,0.001355
1590.967503,0.001546
1592.895949,0.001622
1594.824394,0.001517
1596.752840,0.001296
1598.681285,0.001109
1600.609730,0.001045
1602.538176,0.001050
1604.466621,0.001089
1606.395067,0.001229
1608.323512,0.001474
1610.251958,0.001647
1612.180403,0.001548
1614.108849,0.001245
1616.037294,0.001052
1617.965740,0.001100
1619.894185,0.001144
1621.822631,0.001003
1623.751076,0.000888
1625.679521,0.001013
1627.607967,0.001211
1629.536412,0.001262
1631.464858,0.001216
1633.393303,0.001176
1635.321749,0.001181
1637.250194,0.001262
1639.178640,0.001334
1641.107085,0.001274
1643.035531,0.001084
1644.963976,0.000864
1646.892421,0.000739
1648.820867,0.000704
1650.749312,0.000644
1652.677758,0.000663
1654.606203,0.000917
1656.534649,0.001214
1658.463094,0.001318
1660.391540,0.001299
1662.319985,0.001256
1664.248431,0.001211
1666.176876,0.001251
1668.105322,0.001370
1670.033767,0.001413
1671.962212,0.001306
1673.890658,0.001101
1675.819103,0.000881
1677.747549,0.000812
1679.675994,0.000980
1681.604440,0.001156
1683.532885,0.001129
1685.461331,0.001009
1687.389776,0.000920
1689.318222,0.000879
1691.246667,0.000944
1693.175112,0.001092
1695.103558,0.001168
1697.032003,0.001083
1698.960449,0.000945
1700.888894,0.000943
1702.817340,0.001094
1704.745785,0.001249
1706.674231,0.001306
1708.602676,0.001241
1710.531122,0.001115
1712.459567,0.001036
1714.388013,0.001038
1716.316458,0.001067
1718.244903,0.001108
1720.173349,0.001182
1722.101794,0.001216
1724.030240,0.001186
1725.958685,0.001218
1727.887131,0.001346
1729.815576,0.001437
1731.744022,0.001414
1733.672467,0.001346
1735.600913,0.001375
1737.529358,0.001558
1739.457803,0.001729
1741.386249,0.001697
1743.314694,0.001489
1745.243140,0.001238
1747.171585,0.001012
1749.100031,0.000899
1751.028476,0.001003
1752.956922,0.001298
1754.885367,0.001613
1756.813813,0.001731
1758.742258,0.001619
1760.670704,0.001512
1762.599149,0.001568
1764.527594,0.001690
1766.456040,0.001755
1768.384485,0.001642
1770.312931,0.001257
1772.241376,0.000828
1774.169822,0.000747
1776.098267,0.001027
1778.026713,0.001374
1779.955158,0.001642
1781.883604,0.001843
1783.812049,0.001937
1785.740494,0.001881
1787.668940,0.001720
1789.597385,0.001559
1791.525831,0.001522
1793.454276,0.001627
1795.382722,0.001785
1797.311167,0.001930
1799.239613,0.002015
1801.168058,0.001989
1803.096504,0.001878
1805.024949,0.001721
1806.953395,0.001485
1808.881840,0.001248
1810.810285,0.001189
1812.738731,0.001320
1814.667176,0.001491
1816.595622,0.001623
1818.524067,0.001707
1820.452513,0.001707
1822.380958,0.001605
1824.309404,0.001462
1826.237849,0.001355
1828.166295,0.001271
1830.094740,0.001163
1832.023185,0.001059
1833.951631,0.001060
1835.880076,0.001210
1837.808522,0.001401
1839.736967,0.001514
1841.665413,0.001579
1843.593858,0.001720
1845.522304,0.001933
1847.450749,0.002070
1849.379195,0.002066
1851.307640,0.002005
1853.236086,0.001960
1855.164531,0.001936
1857.092976,0.001949
1859.021422,0.002002
1860.949867,0.002032
1862.878313,0.001993
1864.806758,0.001894
1866.735204,0.001738
1868.663649,0.001560
1870.592095,0.001475
1872.520540,0.001563
1874.448986,0.001773
1876.377431,0.001997
1878.305876,0.002164
1880.234322,0.002189
1882.162767,0.002011
1884.091213,0.001718
1886.019658,0.001479
1887.948104,0.001357
1889.876549,0.001305
1891.804995,0.001310
1893.733440,0.001413
1895.661886,0.001584
1897.590331,0.001719
1899.518777,0.001787
1901.447222,0.001829
1903.375667,0.001816
1905.304113,0.001697
1907.232558,0.001556
1909.161004,0.001511
1911.089449,0.001520
1913.017895,0.001483
1914.946340,0.001470
1916.874786,0.001577
1918.803231,0.001644
1920.731677,0.001522
1922.660122,0.001432
1924.588567,0.001559
1926.517013,0.001726
1928.445458,0.001759
1930.373904,0.001733
1932.302349,0.001769
1934.230795,0.001859
1936.159240,0.001908
1938.087686,0.001823
1940.016131,0.001610
1941.944577,0.001469
1943.873022,0.001553
1945.801468,0.001694
1947.729913,0.001705
1949.658358,0.001705
1951.586804,0.001838
1953.515249,0.001959
1955.443695,0.001895
1957.372140,0.001766
1959.300586,0.001742
1961.229031,0.001765
1963.157477,0.001773
1965.085922,0.001836
1967.014368,0.001964
1968.942813,0.002065
1970.871258,0.002074
1972.799704,0.001981
1974.728149,0.001840
1976.656595,0.001739
1978.585040,0.001706
1980.513486,0.001727
1982.441931,0.001776
1984.370377,0.001774
1986.298822,0.001681
1988.227268,0.001597
1990.155713,0.001612
1992.084159,0.001654
1994.012604,0.001602
1995.941049,0.001461
1997.869495,0.001328
1999.797940,0.001284
2001.726386,0.001352
2003.654831,0.001485
2005.583277,0.001576
2007.511722,0.001608
2009.440168,0.001678
2011.368613,0.001776
2013.297059,0.001802
2015.225504,0.001847
2017.153949,0.002046
2019.082395,0.002221
2021.010840,0.002148
2022.939286,0.001940
2024.867731,0.001786
2026.796177,0.001722
2028.724622,0.001731
2030.653068,0.001736
2032.581513,0.001682
2034.509959,0.001653
2036.438404,0.001685
2038.366850,0.001682
2040.295295,0.001620
2042.223740,0.001602
2044.152186,0.001637
2046.080631,0.001619
2048.009077,0.001577
2049.937522,0.001684
2051.865968,0.001933
2053.794413,0.002098
2055.722859,0.002062
2057.651304,0.001945
2059.579750,0.001902
2061.508195,0.001961
2063.436641,0.002025
2065.365086,0.001981
2067.293531,0.001804
2069.221977,0.001580
2071.150422,0.001460
2073.078868,0.001538
2075.007313,0.001763
2076.935759,0.001984
2078.864204,0.002084
2080.792650,0.002050
2082.721095,0.001924
2084.649541,0.001798
2086.577986,0.001805
2088.506431,0.001954
2090.434877,0.002076
2092.363322,0.002042
2094.291768,0.001891
2096.220213,0.001749
2098.148659,0.001679
2100.077104,0.001648
2102.005550,0.001644
2103.933995,0.001726
2105.862441,0.001897
2107.790886,0.002040
2109.719332,0.002090
2111.647777,0.002105
2113.576222,0.002120
2115.504668,0.002133
2117.433113,0.002114
2119.361559,0.001977
2121.290004,0.001741
2123.218450,0.001576
2125.146895,0.001582
2127.075341,0.001716
2129.003786,0.001881
2130.932232,0.001953
2132.860677,0.001890
2134.789122,0.001871
2136.717568,0.002041
2138.646013,0.002202
2140.574459,0.002133
2142.502904,0.001965
2144.431350,0.001906
2146.359795,0.001998
2148.288241,0.002197
2150.216686,0.002358
2152.145132,0.002316
2154.073577,0.002117
2156.002023,0.001955
2157.930468,0.001937
2159.858913,0.001996
2161.787359,0.002032
2163.715804,0.002036
2165.644250,0.002006
2167.572695,0.001939
2169.501141,0.001913
2171.429586,0.001988
2173.358032,0.002090
2175.286477,0.002131
2177.214923,0.002083
2179.143368,0.001958
2181.071813,0.001810
2183.000259,0.001718
2184.928704,0.001732
2186.857150,0.001812
2188.785595,0.001886
2190.714041,0.001930
2192.642486,0.001906
2194.570932,0.001786
2196.499377,0.001663
2198.427823,0.001614
2200.356268,0.001561
2202.284714,0.001511
2204.213159,0.001651
2206.141604,0.001937
2208.070050,0.002091
2209.998495,0.002064
2211.926941,0.002000
2213.855386,0.001949
2215.783832,0.001907
2217.712277,0.001895
2219.640723,0.001904
2221.569168,0.001881
2223.497614,0.001820
2225.426059,0.001812
2227.354504,0.001937
2229.282950,0.002121
2231.211395,0.002209
2233.139841,0.002132
2235.068286,0.001933
2236.996732,0.001715
2238.925177,0.001571
2240.853623,0.001546
2242.782068,0.001597
2244.710514,0.001622
2246.638959,0.001593
2248.567405,0.001588
2250.495850,0.001618
2252.424295,0.001620
2254.352741,0.001640
2256.281186,0.001779
2258.209632,0.001959
2260.138077,0.002016
2262.066523,0.001948
2263.994968,0.001870
2265.923414,0.001855
2267.851859,0.001922
2269.780305,0.002006
2271.708750,0.001968
2273.637195,0.001796
2275.565641,0.001678
2277.494086,0.001697
2279.422532,0.001710
2281.350977,0.001672
2283.279423,0.001707
2285.207868,0.001818
2287.136314,0.001882
2289.064759,0.001838
2290.993205,0.001712
2292.921650,0.001562
2294.850096,0.001461
2296.778541,0.001463
2298.706986,0.001575
2300.635432,0.001727
2302.563877,0.001771
2304.492323,0.001629
2306.420768,0.001416
2308.349214,0.001278
2310.277659,0.001235
2312.206105,0.001247
2314.134550,0.001258
2316.062996,0.001169
2317.991441,0.000969
2319.919886,0.000803
2321.848332,0.000753
2323.776777,0.000743
2325.705223,0.000719
2327.633668,0.000739
2329.562114,0.000826
2331.490559,0.000845
2333.419005,0.000699
2335.347450,0.000532
2337.275896,0.000508
2339.204341,0.000577
2341.132787,0.000648
2343.061232,0.000733
2344.989677,0.000843
2346.918123,0.000920
2348.846568,0.000942
2350.775014,0.000965
2352.703459,0.001030
2354.631905,0.001026
2356.560350,0.000874
2358.488796,0.000691
2360.417241,0.000591
2362.345687,0.000559
2364.274132,0.000607
2366.202577,0.000698
2368.131023,0.000701
2370.059468,0.000610
2371.987914,0.000598
2373.916359,0.000764
2375.844805,0.001050
2377.773250,0.001373
2379.701696,0.001631
2381.630141,0.001743
2383.558587,0.001762
2385.487032,0.001750
2387.415478,0.001729
2389.343923,0.001727
2391.272368,0.001677
2393.200814,0.001550
2395.129259,0.001478
2397.057705,0.001540
2398.986150,0.001704
2400.914596,0.001886
2402.843041,0.001910
2404.771487,0.001754
2406.699932,0.001669
2408.628378,0.001805
2410.556823,0.002021
2412.485268,0.002136
2414.413714,0.002082
2416.342159,0.001881
2418.270605,0.001613
2420.199050,0.001383
2422.127496,0.001281
2424.055941,0.001334
2425.984387,0.001513
2427.912832,0.001743
2429.841278,0.001937
2431.769723,0.002025
2433.698169,0.001914
2435.626614,0.001580
2437.555059,0.001305
2439.483505,0.001417
2441.411950,0.001751
2443.340396,0.001873
2445.268841,0.001729
2447.197287,0.001591
2449.125732,0.001568
2451.054178,0.001574
2452.982623,0.001585
2454.911069,0.001637
2456.839514,0.001738
2458.767959,0.001881
2460.696405,0.002020
2462.624850,0.002025
2464.553296,0.001859
2466.481741,0.001669
2468.410187,0.001577
2470.338632,0.001584
2472.267078,0.001653
2474.195523,0.001676
2476.123969,0.001565
2478.052414,0.001440
2479.980860,0.001468
2481.909305,0.001548
2483.837750,0.001490
2485.766196,0.001361
2487.694641,0.001354
2489.623087,0.001480
2491.551532,0.001644
2493.479978,0.001781
2495.408423,0.001829
2497.336869,0.001772
2499.265314,0.001725
2501.193760,0.001804
2503.122205,0.001915
2505.050650,0.001882
2506.979096,0.001706
2508.907541,0.001544
2510.835987,0.001498
2512.764432,0.001514
2514.692878,0.001500
2516.621323,0.001508
2518.549769,0.001610
2520.478214,0.001658
2522.406660,0.001515
2524.335105,0.001357
2526.263551,0.001352
2528.191996,0.001403
2530.120441,0.001476
2532.048887,0.001703
2533.977332,0.001984
2535.905778,0.001956
2537.834223,0.001594
2539.762669,0.001343
2541.691114,0.001436
2543.619560,0.001645
2545.548005,0.001793
2547.476451,0.001888
2549.404896,0.001872
2551.333341,0.001725
2553.261787,0.001565
2555.190232,0.001434
2557.118678,0.001300
2559.047123,0.001243
2560.975569,0.001374
2562.904014,0.001626
2564.832460,0.001835
2566.760905,0.001940
2568.689351,0.001982
2570.617796,0.001955
2572.546242,0.001816
2574.474687,0.001602
2576.403132,0.001461
2578.331578,0.001494
2580.260023,0.001587
2582.188469,0.001550
2584.116914,0.001418
2586.045360,0.001375
2587.973805,0.001445
2589.902251,0.001535
2591.830696,0.001641
2593.759142,0.001752
2595.687587,0.001773
2597.616032,0.001679
2599.544478,0.001530
2601.472923,0.001399
2603.401369,0.001354
2605.329814,0.001413
2607.258260,0.001541
2609.186705,0.001696
2611.115151,0.001820
2613.043596,0.001900
2614.972042,0.001991
2616.900487,0.002096
2618.828933,0.002080
2620.757378,0.001859
2622.685823,0.001566
2624.614269,0.001397
2626.542714,0.001447
2628.471160,0.001621
2630.399605,0.001650
2632.328051,0.001469
2634.256496,0.001336
2636.184942,0.001380
2638.113387,0.001532
2640.041833,0.001711
2641.970278,0.001751
2643.898723,0.001599
2645.827169,0.001466
2647.755614,0.001445
2649.684060,0.001403
2651.612505,0.001333
2653.540951,0.001360
2655.469396,0.001529
2657.397842,0.001748
2659.326287,0.001857
2661.254733,0.001766
2663.183178,0.001539
2665.111624,0.001325
2667.040069,0.001232
2668.968514,0.001217
2670.896960,0.001201
2672.825405,0.001220
2674.753851,0.001327
2676.682296,0.001500
2678.610742,0.001701
2680.539187,0.001830
2682.467633,0.001782
2684.396078,0.001610
2686.324524,0.001472
2688.252969,0.001460
2690.181414,0.001565
2692.109860,0.001655
2694.038305,0.001562
2695.966751,0.001340
2697.895196,0.001270
2699.823642,0.001458
2701.752087,0.001652
2703.680533,0.001645
2705.608978,0.001524
2707.537424,0.001435
2709.465869,0.001395
2711.394315,0.001406
2713.322760,0.001509
2715.251205,0.001670
2717.179651,0.001795
2719.108096,0.001862
2721.036542,0.001882
2722.964987,0.001809
2724.893433,0.001677
2726.821878,0.001646
2728.750324,0.001732
2730.678769,0.001760
2732.607215,0.001678
2734.535660,0.001661
2736.464105,0.001735
2738.392551,0.001678
2740.320996,0.001471
2742.249442,0.001379
2744.177887,0.001487
2746.106333,0.001607
2748.034778,0.001576
2749.963224,0.001442
2751.891669,0.001410
2753.820115,0.001586
2755.748560,0.001824
2757.677006,0.001924
2759.605451,0.001882
2761.533896,0.001844
2763.462342,0.001873
2765.390787,0.001835
2767.319233,0.001631
2769.247678,0.001410
2771.176124,0.001358
2773.104569,0.001484
2775.033015,0.001664
2776.961460,0.001701
2778.889906,0.001464
2780.818351,0.001101
2782.746796,0.000892
2784.675242,0.000930
2786.603687,0.001062
2788.532133,0.001088
2790.460578,0.001004
2792.389024,0.001008
2794.317469,0.001211
2796.245915,0.001476
2798.174360,0.001604
2800.102806,0.001562
2802.031251,0.001440
2803.959697,0.001313
2805.888142,0.001234
2807.816587,0.001224
2809.745033,0.001272
2811.673478,0.001316
2813.601924,0.001274
2815.530369,0.001204
2817.458815,0.001214
2819.387260,0.001248
2821.315706,0.001228
2823.244151,0.001180
2825.172597,0.001097
2827.101042,0.000946
2829.029487,0.000771
2830.957933,0.000716
2832.886378,0.000912
2834.814824,0.001251
2836.743269,0.001474
2838.671715,0.001520
2840.600160,0.001464
2842.528606,0.001333
2844.457051,0.001203
2846.385497,0.001163
2848.313942,0.001162
2850.242388,0.001122
2852.170833,0.001057
2854.099278,0.000998
2856.027724,0.000981
2857.956169,0.001059
2859.884615,0.001202
2861.813060,0.001275
2863.741506,0.001202
2865.669951,0.001064
2867.598397,0.000951
2869.526842,0.000844
2871.455288,0.000806
2873.383733,0.000974
2875.312178,0.001233
2877.240624,0.001330
2879.169069,0.001254
2881.097515,0.001142
2883.025960,0.001035
2884.954406,0.000935
2886.882851,0.000896
2888.811297,0.000976
2890.739742,0.001167
2892.668188,0.001374
2894.596633,0.001526
2896.525079,0.001621
2898.453524,0.001621
2900.381969,0.001449
2902.310415,0.001175
2904.238860,0.000973
2906.167306,0.000921
2908.095751,0.000973
2910.024197,0.001081
2911.952642,0.001200
2913.881088,0.001282
2915.809533,0.001324
2917.737979,0.001328
2919.666424,0.001271
2921.594869,0.001222
2923.523315,0.001282
2925.451760,0.001383
2927.380206,0.001337
2929.308651,0.001135
2931.237097,0.000977
2933.165542,0.001004
2935.093988,0.001164
2937.022433,0.001337
2938.950879,0.001449
2940.879324,0.001456
2942.807770,0.001335
2944.736215,0.001195
2946.664660,0.001185
2948.593106,0.001269
2950.521551,0.001302
2952.449997,0.001261
2954.378442,0.001197
2956.306888,0.001133
2958.235333,0.001058
2960.163779,0.000939
2962.092224,0.000800
2964.020670,0.000799
2965.949115,0.001026
2967.877560,0.001305
2969.806006,0.001458
2971.734451,0.001527
2973.662897,0.001587
2975.591342,0.001590
2977.519788,0.001497
2979.448233,0.001349
2981.376679,0.001203
2983.305124,0.001087
2985.233570,0.001024
2987.162015,0.001067
2989.090461,0.001165
2991.018906,0.001153
2992.947351,0.001005
2994.875797,0.000891
2996.804242,0.000931
2998.732688,0.001054
3000.661133,0.001154
3002.589579,0.001228
3004.518024,0.001255
3006.446470,0.001162
3008.374915,0.001012
3010.303361,0.000986
3012.231806,0.001131
3014.160251,0.001255
3016.088697,0.001174
3018.017142,0.001029
3019.945588,0.001046
3021.874033,0.001128
3023.802479,0.001126
3025.730924,0.001123
3027.659370,0.001182
3029.587815,0.001215
3031.516261,0.001164
3033.444706,0.001064
3035.373152,0.001006
3037.301597,0.001041
3039.230042,0.001101
3041.158488,0.001103
3043.086933,0.001107
3045.015379,0.001228
3046.943824,0.001449
3048.872270,0.001651
3050.800715,0.001701
3052.729161,0.001507
3054.657606,0.001144
3056.586052,0.000831
3058.514497,0.000681
3060.442943,0.000691
3062.371388,0.000859
3064.299833,0.001132
3066.228279,0.001366
3068.156724,0.001481
3070.085170,0.001500
3072.013615,0.001450
3073.942061,0.001310
3075.870506,0.001095
3077.798952,0.000911
3079.727397,0.000826
3081.655843,0.000787
3083.584288,0.000755
3085.512733,0.000796
3087.441179,0.000996
3089.369624,0.001294
3091.298070,0.001481
3093.226515,0.001460
3095.154961,0.001357
3097.083406,0.001290
3099.011852,0.001268
3100.940297,0.001308
3102.868743,0.001372
3104.797188,0.001307
3106.725634,0.001110
3108.654079,0.000968
3110.582524,0.000972
3112.510970,0.001058
3114.439415,0.001133
3116.367861,0.001102
3118.296306,0.000963
3120.224752,0.000869
3122.153197,0.000897
3124.081643,0.000928
3126.010088,0.000956
3127.938534,0.001141
3129.866979,0.001429
3131.795424,0.001566
3133.723870,0.001528
3135.652315,0.001494
3137.580761,0.001505
3139.509206,0.001481
3141.437652,0.001410
3143.366097,0.001351
3145.294543,0.001309
3147.222988,0.001231
3149.151434,0.001136
3151.079879,0.001096
3153.008325,0.001123
3154.936770,0.001144
3156.865215,0.001076
3158.793661,0.001009
3160.722106,0.001109
3162.650552,0.001324
3164.578997,0.001491
3166.507443,0.001569
3168.435888,0.001564
3170.364334,0.001482
3172.292779,0.001400
3174.221225,0.001367
3176.149670,0.001298
3178.078115,0.001084
3180.006561,0.000760
3181.935006,0.000556
3183.863452,0.000688
3185.791897,0.001079
3187.720343,0.001503
3189.648788,0.001796
3191.577234,0.001776
3193.505679,0.001432
3195.434125,0.001107
3197.362570,0.001067
3199.291016,0.001158
3201.219461,0.001153
3203.147906,0.001123
3205.076352,0.001259
3207.004797,0.001513
3208.933243,0.001654
3210.861688,0.001535
3212.790134,0.001227
3214.718579,0.000938
3216.647025,0.000802
3218.575470,0.000794
3220.503916,0.000778
3222.432361,0.000688
3224.360806,0.000704
3226.289252,0.000939
3228.217697,0.001146
3230.146143,0.001147
3232.074588,0.001083
3234.003034,0.001033
3235.931479,0.001006
3237.859925,0.001094
3239.788370,0.001247
3241.716816,0.001277
3243.645261,0.001149
3245.573707,0.000981
3247.502152,0.000840
3249.430597,0.000737
3251.359043,0.000732
3253.287488,0.000868
3255.215934,0.001056
3257.144379,0.001160
3259.072825,0.001127
3261.001270,0.001001
3262.929716,0.000897
3264.858161,0.000915
3266.786607,0.001011
3268.715052,0.001048
3270.643497,0.000979
3272.571943,0.000879
3274.500388,0.000803
3276.428834,0.000799
3278.357279,0.000909
3280.285725,0.001028
3282.214170,0.001046
3284.142616,0.001055
3286.071061,0.001123
3287.999507,0.001174
3289.927952,0.001200
3291.856398,0.001231
3293.784843,0.001195
3295.713288,0.001084
3297.641734,0.001016
3299.570179,0.000997
3301.498625,0.000939
3303.427070,0.000860
3305.355516,0.000826
3307.283961,0.000846
3309.212407,0.000901
3311.140852,0.000869
3313.069298,0.000587
3314.997743,0.000203
3316.926188,0.000088
3318.854634,0.000291
3320.783079,0.000589
3322.711525,0.000815
3324.639970,0.000856
3326.568416,0.000714
3328.496861,0.000622
3330.425307,0.000726
3332.353752,0.000861
3334.282198,0.000882
3336.210643,0.000891
3338.139089,0.000959
3340.067534,0.001010
3341.995979,0.000955
3343.924425,0.000732
3345.852870,0.000459
3347.781316,0.000404
3349.709761,0.000611
3351.638207,0.000893
3353.566652,0.001082
3355.495098,0.001034
3357.423543,0.000816
3359.351989,0.000753
3361.280434,0.000934
3363.208879,0.001140
3365.137325,0.001255
3367.065770,0.001293
3368.994216,0.001234
3370.922661,0.001039
3372.851107,0.000783
3374.779552,0.000618
3376.707998,0.000556
3378.636443,0.000539
3380.564889,0.000590
3382.493334,0.000725
3384.421780,0.000862
3386.350225,0.000877
3388.278670,0.000737
3390.207116,0.000581
3392.135561,0.000545
3394.064007,0.000632
3395.992452,0.000814
3397.920898,0.001080
3399.849343,0.001277
3401.777789,0.001225
3403.706234,0.001048
3405.634680,0.001012
3407.563125,0.001062
3409.491570,0.001049
3411.420016,0.001110
3413.348461,0.001297
3415.276907,0.001332
3417.205352,0.001120
3419.133798,0.000955
3421.062243,0.000957
3422.990689,0.000905
3424.919134,0.000732
3426.847580,0.000605
3428.776025,0.000568
3430.704471,0.000551
3432.632916,0.000546
3434.561361,0.000553
3436.489807,0.000603
3438.418252,0.000753
3440.346698,0.000965
3442.275143,0.001140
3444.203589,0.001206
3446.132034,0.001083
3448.060480,0.000814
3449.988925,0.000657
3451.917371,0.000762
3453.845816,0.000908
3455.774261,0.000826
3457.702707,0.000604
3459.631152,0.000476
3461.559598,0.000524
3463.488043,0.000730
3465.416489,0.000970
3467.344934,0.001053
3469.273380,0.000955
3471.201825,0.000852
3473.130271,0.000885
3475.058716,0.000992
3476.987162,0.000984
3478.915607,0.000812
3480.844052,0.000629
3482.772498,0.000578
3484.700943,0.000673
3486.629389,0.000794
3488.557834,0.000779
3490.486280,0.000645
3492.414725,0.000593
3494.343171,0.000690
3496.271616,0.000789
3498.200062,0.000827
3500.128507,0.000904
3502.056952,0.001089
3503.985398,0.001295
3505.913843,0.001303
3507.842289,0.001047
3509.770734,0.000807
3511.699180,0.000818
3513.627625,0.000954
3515.556071,0.001024
3517.484516,0.000920
3519.412962,0.000639
3521.341407,0.000424
3523.269853,0.000508
3525.198298,0.000729
3527.126743,0.000823
3529.055189,0.000816
3530.983634,0.000890
3532.912080,0.001074
3534.840525,0.001212
3536.768971,0.001243
3538.697416,0.001260
3540.625862,0.001240
3542.554307,0.001098
3544.482753,0.000946
3546.411198,0.000954
3548.339643,0.001086
3550.268089,0.001173
3552.196534,0.001106
3554.124980,0.000947
3556.053425,0.000886
3557.981871,0.000914
3559.910316,0.000801
3561.838762,0.000545
3563.767207,0.000365
3565.695653,0.000360
3567.624098,0.000523
3569.552544,0.000779
3571.480989,0.000997
3573.409434,0.001129
3575.337880,0.001184
3577.266325,0.001145
3579.194771,0.001029
3581.123216,0.000915
3583.051662,0.000820
3584.980107,0.000700
3586.908553,0.000562
3588.836998,0.000497
3590.765444,0.000536
3592.693889,0.000648
3594.622334,0.000847
3596.550780,0.001083
3598.479225,0.001211
3600.407671,0.001194
3602.336116,0.001100
3604.264562,0.000960
3606.193007,0.000780
3608.121453,0.000604
3610.049898,0.000498
3611.978344,0.000504
3613.906789,0.000594
3615.835235,0.000699
3617.763680,0.000767
3619.692125,0.000821
3621.620571,0.000891
3623.549016,0.000909
3625.477462,0.000845
3627.405907,0.000835
3629.334353,0.000957
3631.262798,0.001089
3633.191244,0.001034
3635.119689,0.000743
3637.048135,0.000488
3638.976580,0.000522
3640.905025,0.000675
3642.833471,0.000682
3644.761916,0.000534
3646.690362,0.000330
3648.618807,0.000234
3650.547253,0.000416
3652.475698,0.000771
3654.404144,0.001078
3656.332589,0.001324
3658.261035,0.001468
3660.189480,0.001338
3662.117926,0.001000
3664.046371,0.000800
3665.974816,0.000931
3667.903262,0.001272
3669.831707,0.001523
3671.760153,0.001416
3673.688598,0.000970
3675.617044,0.000522
3677.545489,0.000389
3679.473935,0.000662
3681.402380,0.001083
3683.330826,0.001228
3685.259271,0.001015
3687.187716,0.000727
3689.116162,0.000593
3691.044607,0.000676
3692.973053,0.000903
3694.901498,0.001072
3696.829944,0.001114
3698.758389,0.001130
3700.686835,0.001160
3702.615280,0.001195
3704.543726,0.001251
3706.472171,0.001198
3708.400617,0.000918
3710.329062,0.000737
3712.257507,0.001029
3714.185953,0.001535
3716.114398,0.001761
3718.042844,0.001617
3719.971289,0.001267
3721.899735,0.000923
3723.828180,0.000800
3725.756626,0.000939
3727.685071,0.001108
3729.613517,0.001118
3731.541962,0.001053
3733.470407,0.001035
3735.398853,0.001057
3737.327298,0.001056
3739.255744,0.000981
3741.184189,0.000922
3743.112635,0.001005
3745.041080,0.001105
3746.969526,0.001014
3748.897971,0.000819
3750.826417,0.000788
3752.754862,0.000982
3754.683308,0.001214
3756.611753,0.001314
3758.540198,0.001318
3760.468644,0.001391
3762.397089,0.001568
3764.325535,0.001678
3766.253980,0.001639
3768.182426,0.001589
3770.110871,0.001601
3772.039317,0.001585
3773.967762,0.001532
3775.896208,0.001492
3777.824653,0.001418
3779.753098,0.001287
3781.681544,0.001172
3783.609989,0.001135
3785.538435,0.001266
3787.466880,0.001559
3789.395326,0.001809
3791.323771,0.001918
3793.252217,0.001956
3795.180662,0.001854
3797.109108,0.001501
3799.037553,0.001085
3800.965999,0.000936
3802.894444,0.001051
3804.822889,0.001197
3806.751335,0.001365
3808.679780,0.001607
3810.608226,0.001737
3812.536671,0.001591
3814.465117,0.001293
3816.393562,0.001114
3818.322008,0.001135
3820.250453,0.001223
3822.178899,0.001284
3824.107344,0.001325
3826.035789,0.001346
3827.964235,0.001387
3829.892680,0.001539
3831.821126,0.001723
3833.749571,0.001675
3835.678017,0.001322
3837.606462,0.000954
3839.534908,0.000869
3841.463353,0.001042
3843.391799,0.001268
3845.320244,0.001378
3847.248690,0.001282
3849.177135,0.001041
3851.105580,0.000876
3853.034026,0.000959
3854.962471,0.001216
3856.890917,0.001379
3858.819362,0.001279
3860.747808,0.001044
3862.676253,0.000919
3864.604699,0.001008
3866.533144,0.001228
3868.461590,0.001351
3870.390035,0.001208
3872.318480,0.000962
3874.246926,0.000913
3876.175371,0.001095
3878.103817,0.001352
3880.032262,0.001591
3881.960708,0.001766
3883.889153,0.001830
3885.817599,0.001731
3887.746044,0.001497
3889.674490,0.001329
3891.602935,0.001425
3893.531381,0.001630
3895.459826,0.001632
3897.388271,0.001402
3899.316717,0.001081
3901.245162,0.000777
3903.173608,0.000622
3905.102053,0.000680
3907.030499,0.000865
3908.958944,0.001069
3910.887390,0.001225
3912.815835,0.001307
3914.744281,0.001362
3916.672726,0.001427
3918.601171,0.001485
3920.529617,0.001539
3922.458062,0.001606
3924.386508,0.001725
3926.314953,0.001886
3928.243399,0.001875
3930.171844,0.001588
3932.100290,0.001337
3934.028735,0.001442
3935.957181,0.001777
3937.885626,0.002003
3939.814072,0.001972
3941.742517,0.001753
3943.670962,0.001457
3945.599408,0.001249
3947.527853,0.001306
3949.456299,0.001551
3951.384744,0.001711
3953.313190,0.001693
3955.241635,0.001660
3957.170081,0.001694
3959.098526,0.001663
3961.026972,0.001536
3962.955417,0.001517
3964.883862,0.001630
3966.812308,0.001655
3968.740753,0.001556
3970.669199,0.001521
3972.597644,0.001577
3974.526090,0.001590
3976.454535,0.001528
3978.382981,0.001477
3980.311426,0.001447
3982.239872,0.001401
3984.168317,0.001470
3986.096763,0.001763
3988.025208,0.001990
3989.953653,0.001826
3991.882099,0.001446
3993.810544,0.001291
3995.738990,0.001460
3997.667435,0.001641
3999.595881,0.001626
4001.524326,0.001553
4003.452772,0.001606
4005.381217,0.001739
4007.309663,0.001751
4009.238108,0.001576
4011.166553,0.001445
4013.094999,0.001588
4015.023444,0.001881
4016.951890,0.002050
4018.880335,0.002057
4020.808781,0.001998
4022.737226,0.001838
4024.665672,0.001583
4026.594117,0.001429
4028.522563,0.001456
4030.451008,0.001552
4032.379454,0.001670
4034.307899,0.001760
4036.236344,0.001721
4038.164790,0.001625
4040.093235,0.001581
4042.021681,0.001492
4043.950126,0.001266
4045.878572,0.001108
4047.807017,0.001195
4049.735463,0.001356
4051.663908,0.001407
4053.592354,0.001360
4055.520799,0.001270
4057.449244,0.001237
4059.377690,0.001359
4061.306135,0.001636
4063.234581,0.001983
4065.163026,0.002197
4067.091472,0.002066
4069.019917,0.001734
4070.948363,0.001610
4072.876808,0.001719
4074.805254,0.001720
4076.733699,0.001574
4078.662145,0.001547
4080.590590,0.001589
4082.519035,0.001394
4084.447481,0.001034
4086.375926,0.000891
4088.304372,0.000967
4090.232817,0.000935
4092.161263,0.000820
4094.089708,0.000923
4096.018154,0.001229
4097.946599,0.001512
4099.875045,0.001729
4101.803490,0.001913
4103.731936,0.002024
4105.660381,0.001997
4107.588826,0.001801
4109.517272,0.001547
4111.445717,0.001419
4113.374163,0.001461
4115.302608,0.001558
4117.231054,0.001585
4119.159499,0.001542
4121.087945,0.001486
4123.016390,0.001424
4124.944836,0.001418
4126.873281,0.001583
4128.801726,0.001827
4130.730172,0.001901
4132.658617,0.001721
4134.587063,0.001435
4136.515508,0.001245
4138.443954,0.001263
4140.372399,0.001475
4142.300845,0.001744
4144.229290,0.001897
4146.157736,0.001882
4148.086181,0.001804
4150.014627,0.001809
4151.943072,0.001922
4153.871517,0.002027
4155.799963,0.002024
4157.728408,0.001931
4159.656854,0.001825
4161.585299,0.001638
4163.513745,0.001300
4165.442190,0.001085
4167.370636,0.001256
4169.299081,0.001550
4171.227527,0.001584
4173.155972,0.001429
4175.084417,0.001417
4177.012863,0.001675
4178.941308,0.002057
4180.869754,0.002280
4182.798199,0.002141
4184.726645,0.001857
4186.655090,0.001825
4188.583536,0.001960
4190.511981,0.001865
4192.440427,0.001534
4194.368872,0.001288
4196.297318,0.001261
4198.225763,0.001330
4200.154208,0.001373
4202.082654,0.001367
4204.011099,0.001330
4205.939545,0.001297
4207.867990,0.001342
4209.796436,0.001415
4211.724881,0.001353
4213.653327,0.001229
4215.581772,0.001247
4217.510218,0.001337
4219.438663,0.001369
4221.367108,0.001414
4223.295554,0.001520
4225.223999,0.001586
4227.152445,0.001556
4229.080890,0.001492
4231.009336,0.001473
4232.937781,0.001489
4234.866227,0.001455
4236.794672,0.001423
4238.723118,0.001564
4240.651563,0.001796
4242.580009,0.001809
4244.508454,0.001546
4246.436899,0.001351
4248.365345,0.001514
4250.293790,0.001851
4252.222236,0.001965
4254.150681,0.001818
4256.079127,0.001688
4258.007572,0.001661
4259.936018,0.001629
4261.864463,0.001616
4263.792909,0.001652
4265.721354,0.001595
4267.649799,0.001412
4269.578245,0.001264
4271.506690,0.001202
4273.435136,0.001119
4275.363581,0.001023
4277.292027,0.001113
4279.220472,0.001433
4281.148918,0.001717
4283.077363,0.001753
4285.005809,0.001609
4286.934254,0.001479
4288.862700,0.001498
4290.791145,0.001660
4292.719590,0.001824
4294.648036,0.001832
4296.576481,0.001712
4298.504927,0.001611
4300.433372,0.001528
4302.361818,0.001449
4304.290263,0.001483
4306.218709,0.001623
4308.147154,0.001694
4310.075600,0.001632
4312.004045,0.001531
4313.932490,0.001427
4315.860936,0.001281
4317.789381,0.001192
4319.717827,0.001296
4321.646272,0.001497
4323.574718,0.001633
4325.503163,0.001653
4327.431609,0.001528
4329.360054,0.001307
4331.288500,0.001140
4333.216945,0.001103
4335.145391,0.001180
4337.073836,0.001306
4339.002281,0.001364
4340.930727,0.001283
4342.859172,0.001196
4344.787618,0.001331
4346.716063,0.001656
4348.644509,0.001856
4350.572954,0.001683
4352.501400,0.001264
4354.429845,0.001022
4356.358291,0.001132
4358.286736,0.001352
4360.215181,0.001472
4362.143627,0.001494
4364.072072,0.001495
4366.000518,0.001577
4367.928963,0.001765
4369.857409,0.001864
4371.785854,0.001724
4373.714300,0.001463
4375.642745,0.001212
4377.571191,0.001068
4379.499636,0.001176
4381.428082,0.001426
4383.356527,0.001574
4385.284972,0.001697
4387.213418,0.001873
4389.141863,0.001921
4391.070309,0.001812
4392.998754,0.001745
4394.927200,0.001770
4396.855645,0.001740
4398.784091,0.001582
4400.712536,0.001373
4402.640982,0.001175
4404.569427,0.000992
4406.497872,0.000884
4408.426318,0.000957
4410.354763,0.001192
4412.283209,0.001477
4414.211654,0.001727
4416.140100,0.001851
4418.068545,0.001808
4419.996991,0.001760
4421.925436,0.001849
4423.853882,0.001973
4425.782327,0.001973
4427.710773,0.001841
4429.639218,0.001625
4431.567663,0.001322
4433.496109,0.000999
4435.424554,0.000872
4437.353000,0.001032
4439.281445,0.001279
4441.209891,0.001373
4443.138336,0.001280
4445.066782,0.001128
4446.995227,0.001121
4448.923673,0.001354
4450.852118,0.001648
4452.780563,0.001810
4454.709009,0.001928
4456.637454,0.002074
4458.565900,0.002046
4460.494345,0.001759
4462.422791,0.001494
4464.351236,0.001434
4466.279682,0.001417
4468.208127,0.001341
4470.136573,0.001301
4472.065018,0.001290
4473.993464,0.001260
4475.921909,0.001285
4477.850354,0.001346
4479.778800,0.001348
4481.707245,0.001365
4483.635691,0.001440
4485.564136,0.001446
4487.492582,0.001377
4489.421027,0.001351
4491.349473,0.001390
4493.277918,0.001500
4495.206364,0.001697
4497.134809,0.001864
4499.063254,0.001858
4500.991700,0.001702
4502.920145,0.001496
4504.848591,0.001329
4506.777036,0.001273
4508.705482,0.001328
4510.633927,0.001391
4512.562373,0.001347
4514.490818,0.001200
4516.419264,0.001147
4518.347709,0.001349
4520.276155,0.001710
4522.204600,0.002050
4524.133045,0.002198
4526.061491,0.002021
4527.989936,0.001684
4529.918382,0.001488
4531.846827,0.001484
4533.775273,0.001597
4535.703718,0.001811
4537.632164,0.002030
4539.560609,0.002091
4541.489055,0.001974
4543.417500,0.001793
4545.345945,0.001614
4547.274391,0.001477
4549.202836,0.001478
4551.131282,0.001591
4553.059727,0.001637
4554.988173,0.001572
4556.916618,0.001507
4558.845064,0.001441
4560.773509,0.001305
4562.701955,0.001158
4564.630400,0.001146
4566.558846,0.001319
4568.487291,0.001543
4570.415736,0.001641
4572.344182,0.001550
4574.272627,0.001333
4576.201073,0.001152
4578.129518,0.001108
4580.057964,0.001067
4581.986409,0.000993
4583.914855,0.001090
4585.843300,0.001313
4587.771746,0.001455
4589.700191,0.001598
4591.628636,0.001789
4593.557082,0.001798
4595.485527,0.001635
4597.413973,0.001609
4599.342418,0.001805
4601.270864,0.001977
4603.199309,0.001899
4605.127755,0.001591
4607.056200,0.001263
4608.984646,0.001137
4610.913091,0.001234
4612.841537,0.001380
4614.769982,0.001484
4616.698427,0.001549
4618.626873,0.001524
4620.555318,0.001458
4622.483764,0.001521
4624.412209,0.001701
4626.340655,0.001816
4628.269100,0.001782
4630.197546,0.001624
4632.125991,0.001448
4634.054437,0.001351
4635.982882,0.001272
4637.911327,0.001125
4639.839773,0.001000
4641.768218,0.001049
4643.696664,0.001253
4645.625109,0.001410
4647.553555,0.001420
4649.482000,0.001427
4651.410446,0.001492
4653.338891,0.001469
4655.267337,0.001328
4657.195782,0.001241
4659.124228,0.001234
4661.052673,0.001153
4662.981118,0.001042
4664.909564,0.001058
4666.838009,0.001056
4668.766455,0.000880
4670.694900,0.000762
4672.623346,0.000874
4674.551791,0.001027
4676.480237,0.001120
4678.408682,0.001284
4680.337128,0.001514
4682.265573,0.001692
4684.194018,0.001815
4686.122464,0.001891
4688.050909,0.001838
4689.979355,0.001679
4691.907800,0.001564
4693.836246,0.001518
4695.764691,0.001403
4697.693137,0.001223
4699.621582,0.001157
4701.550028,0.001225
4703.478473,0.001188
4705.406919,0.000951
4707.335364,0.000802
4709.263809,0.001020
4711.192255,0.001404
4713.120700,0.001556
4715.049146,0.001417
4716.977591,0.001220
4718.906037,0.001216
4720.834482,0.001485
4722.762928,0.001771
4724.691373,0.001730
4726.619819,0.001401
4728.548264,0.001154
4730.476709,0.001137
4732.405155,0.001269
4734.333600,0.001564
4736.262046,0.001928
4738.190491,0.002039
4740.118937,0.001773
4742.047382,0.001420
4743.975828,0.001360
4745.904273,0.001643
4747.832719,0.001963
4749.761164,0.002043
4751.689610,0.001817
4753.618055,0.001419
4755.546500,0.001160
4757.474946,0.001142
4759.403391,0.001139
4761.331837,0.001070
4763.260282,0.001125
4765.188728,0.001314
4767.117173,0.001452
4769.045619,0.001531
4770.974064,0.001646
4772.902510,0.001746
4774.830955,0.001767
4776.759400,0.001758
4778.687846,0.001788
4780.616291,0.001780
4782.544737,0.001614
4784.473182,0.001406
4786.401628,0.001383
4788.330073,0.001505
4790.258519,0.001556
4792.186964,0.001487
4794.115410,0.001394
4796.043855,0.001311
4797.972301,0.001272
4799.900746,0.001345
4801.829191,0.001437
4803.757637,0.001399
4805.686082,0.001312
4807.614528,0.001316
4809.542973,0.001346
4811.471419,0.001332
4813.399864,0.001395
4815.328310,0.001552
4817.256755,0.001635
4819.185201,0.001622
4821.113646,0.001677
4823.042091,0.001820
4824.970537,0.001881
4826.898982,0.001765
4828.827428,0.001537
4830.755873,0.001308
4832.684319,0.001192
4834.612764,0.001211
4836.541210,0.001247
4838.469655,0.001174
4840.398101,0.000987
4842.326546,0.000848
4844.254992,0.000970
4846.183437,0.001311
4848.111882,0.001592
4850.040328,0.001664
4851.968773,0.001560
4853.897219,0.001369
4855.825664,0.001181
4857.754110,0.001060
4859.682555,0.001038
4861.611001,0.001071
4863.539446,0.001102
4865.467892,0.001165
4867.396337,0.001252
4869.324782,0.001290
4871.253228,0.001300
4873.181673,0.001362
4875.110119,0.001400
4877.038564,0.001267
4878.967010,0.001056
4880.895455,0.001001
4882.823901,0.001175
4884.752346,0.001418
4886.680792,0.001454
4888.609237,0.001233
4890.537683,0.001050
4892.466128,0.001079
4894.394573,0.001168
4896.323019,0.001212
4898.251464,0.001312
4900.179910,0.001492
4902.108355,0.001601
4904.036801,0.001597
4905.965246,0.001609
4907.893692,0.001654
4909.822137,0.001645
4911.750583,0.001567
4913.679028,0.001420
4915.607473,0.001185
4917.535919,0.000945
4919.464364,0.000804
4921.392810,0.000728
4923.321255,0.000651
4925.249701,0.000657
4927.178146,0.000843
4929.106592,0.001117
4931.035037,0.001275
4932.963483,0.001256
4934.891928,0.001137
4936.820374,0.001009
4938.748819,0.000936
4940.677264,0.000935
4942.605710,0.000957
4944.534155,0.000954
4946.462601,0.000956
4948.391046,0.000996
4950.319492,0.001055
4952.247937,0.001188
4954.176383,0.001435
4956.104828,0.001688
4958.033274,0.001764
4959.961719,0.001683
4961.890164,0.001671
4963.818610,0.001828
4965.747055,0.001919
4967.675501,0.001687
4969.603946,0.001177
4971.532392,0.000643
4973.460837,0.000306
4975.389283,0.000374
4977.317728,0.000852
4979.246174,0.001346
4981.174619,0.001413
4983.103065,0.001078
4985.031510,0.000742
4986.959955,0.000716
4988.888401,0.000924
4990.816846,0.001074
4992.745292,0.001037
4994.673737,0.000995
4996.602183,0.001101
4998.530628,0.001206
5000.459074,0.001206
5002.387519,0.001249
5004.315965,0.001340
5006.244410,0.001337
5008.172855,0.001247
5010.101301,0.001134
5012.029746,0.000981
5013.958192,0.000830
5015.886637,0.000792
5017.815083,0.000939
5019.743528,0.001192
5021.671974,0.001351
5023.600419,0.001351
5025.528865,0.001359
5027.457310,0.001414
5029.385756,0.001312
5031.314201,0.001037
5033.242646,0.000909
5035.171092,0.001114
5037.099537,0.001418
5039.027983,0.001467
5040.956428,0.001250
5042.884874,0.001064
5044.813319,0.001061
5046.741765,0.001130
5048.670210,0.001168
5050.598656,0.001187
5052.527101,0.001189
5054.455546,0.001149
5056.383992,0.001086
5058.312437,0.001031
5060.240883,0.001032
5062.169328,0.001098
5064.097774,0.001110
5066.026219,0.001015
5067.954665,0.000886
5069.883110,0.000745
5071.811556,0.000667
5073.740001,0.000837
5075.668447,0.001230
5077.596892,0.001566
5079.525337,0.001643
5081.453783,0.001471
5083.382228,0.001251
5085.310674,0.001135
5087.239119,0.001036
5089.167565,0.000911
5091.096010,0.000931
5093.024456,0.001143
5094.952901,0.001394
5096.881347,0.001516
5098.809792,0.001397
5100.738238,0.001115
5102.666683,0.000913
5104.595128,0.000885
5106.523574,0.000919
5108.452019,0.000924
5110.380465,0.000919
5112.308910,0.000975
5114.237356,0.001116
5116.165801,0.001247
5118.094247,0.001240
5120.022692,0.001109
5121.951138,0.000935
5123.879583,0.000767
5125.808028,0.000741
5127.736474,0.001069
5129.664919,0.001680
5131.593365,0.002152
5133.521810,0.002092
5135.450256,0.001563
5137.378701,0.001075
5139.307147,0.000984
5141.235592,0.001121
5143.164038,0.001115
5145.092483,0.000841
5147.020929,0.000438
5148.949374,0.000177
5150.877819,0.000234
5152.806265,0.000497
5154.734710,0.000693
5156.663156,0.000733
5158.591601,0.000784
5160.520047,0.000841
5162.448492,0.000772
5164.376938,0.000680
5166.305383,0.000680
5168.233829,0.000735
5170.162274,0.000866
5172.090719,0.001068
5174.019165,0.001167
5175.947610,0.001114
5177.876056,0.001058
5179.804501,0.001075
5181.732947,0.001129
5183.661392,0.001159
5185.589838,0.001112
5187.518283,0.001029
5189.446729,0.000968
5191.375174,0.000902
5193.303620,0.000812
5195.232065,0.000695
5197.160510,0.000548
5199.088956,0.000490
5201.017401,0.000627
5202.945847,0.000819
5204.874292,0.000919
5206.802738,0.000924
5208.731183,0.000807
5210.659629,0.000625
5212.588074,0.000570
5214.516520,0.000696
5216.444965,0.000917
5218.373410,0.001132
5220.301856,0.001216
5222.230301,0.001210
5224.158747,0.001258
5226.087192,0.001342
5228.015638,0.001421
5229.944083,0.001513
5231.872529,0.001549
5233.800974,0.001477
5235.729420,0.001350
5237.657865,0.001210
5239.586311,0.001075
5241.514756,0.000946
5243.443201,0.000817
5245.371647,0.000715
5247.300092,0.000655
5249.228538,0.000625
5251.156983,0.000648
5253.085429,0.000748
5255.013874,0.000891
5256.942320,0.000992
5258.870765,0.000936
5260.799211,0.000744
5262.727656,0.000660
5264.656101,0.000849
5266.584547,0.001186
5268.512992,0.001446
5270.441438,0.001527
5272.369883,0.001448
5274.298329,0.001318
5276.226774,0.001262
5278.155220,0.001285
5280.083665,0.001320
5282.012111,0.001336
5283.940556,0.001235
5285.869002,0.000996
5287.797447,0.000823
5289.725892,0.000803
5291.654338,0.000833
5293.582783,0.000920
5295.511229,0.001046
5297.439674,0.001086
5299.368120,0.001091
5301.296565,0.001208
5303.225011,0.001373
5305.153456,0.001415
5307.081902,0.001328
5309.010347,0.001174
5310.938792,0.000943
5312.867238,0.000794
5314.795683,0.000942
5316.724129,0.001225
5318.652574,0.001323
5320.581020,0.001215
5322.509465,0.001072
5324.437911,0.001017
5326.366356,0.001027
5328.294802,0.000951
5330.223247,0.000717
5332.151693,0.000455
5334.080138,0.000363
5336.008583,0.000500
5337.937029,0.000751
5339.865474,0.001035
5341.793920,0.001336
5343.722365,0.001522
5345.650811,0.001430
5347.579256,0.001157
5349.507702,0.000990
5351.436147,0.001085
5353.364593,0.001289
5355.293038,0.001327
5357.221483,0.001146
5359.149929,0.000956
5361.078374,0.000963
5363.006820,0.001116
5364.935265,0.001228
5366.863711,0.001264
5368.792156,0.001218
5370.720602,0.000995
5372.649047,0.000730
5374.577493,0.000704
5376.505938,0.000826
5378.434384,0.000763
5380.362829,0.000503
5382.291274,0.000355
5384.219720,0.000480
5386.148165,0.000727
5388.076611,0.000880
5390.005056,0.000898
5391.933502,0.000904
5393.861947,0.000954
5395.790393,0.000914
5397.718838,0.000707
5399.647284,0.000565
5401.575729,0.000742
5403.504174,0.001155
5405.432620,0.001499
5407.361065,0.001548
5409.289511,0.001324
5411.217956,0.001031
5413.146402,0.000829
5415.074847,0.000784
5417.003293,0.000894
5418.931738,0.001011
5420.860184,0.001005
5422.788629,0.000965
5424.717075,0.000990
5426.645520,0.001003
5428.573965,0.000973
5430.502411,0.000995
5432.430856,0.001081
5434.359302,0.001150
5436.287747,0.001154
5438.216193,0.001052
5440.144638,0.000798
5442.073084,0.000507
5444.001529,0.000410
5445.929975,0.000515
5447.858420,0.000660
5449.786865,0.000823
5451.715311,0.001041
5453.643756,0.001259
5455.572202,0.001415
5457.500647,0.001456
5459.429093,0.001331
5461.357538,0.001062
5463.285984,0.000716
5465.214429,0.000433
5467.142875,0.000387
5469.071320,0.000541
5470.999766,0.000638
5472.928211,0.000609
5474.856656,0.000642
5476.785102,0.000834
5478.713547,0.001070
5480.641993,0.001229
5482.570438,0.001306
5484.498884,0.001357
5486.427329,0.001333
5488.355775,0.001129
5490.284220,0.000803
5492.212666,0.000591
5494.141111,0.000593
5496.069556,0.000664
5497.998002,0.000676
5499.926447,0.000601
5501.854893,0.000496
5503.783338,0.000543
5505.711784,0.000787
5507.640229,0.001002
5509.568675,0.000963
5511.497120,0.000684
5513.425566,0.000445
5515.354011,0.000451
5517.282457,0.000616
5519.210902,0.000814
5521.139347,0.000936
5523.067793,0.000845
5524.996238,0.000669
5526.924684,0.000700
5528.853129,0.000973
5530.781575,0.001265
5532.710020,0.001382
5534.638466,0.001378
5536.566911,0.001428
5538.495357,0.001512
5540.423802,0.001493
5542.352247,0.001355
5544.280693,0.001112
5546.209138,0.000831
5548.137584,0.000702
5550.066029,0.000777
5551.994475,0.000865
5553.922920,0.000803
5555.851366,0.000638
5557.779811,0.000521
5559.708257,0.000544
5561.636702,0.000697
5563.565148,0.000919
5565.493593,0.001200
5567.422038,0.001495
5569.350484,0.001574
5571.278929,0.001300
5573.207375,0.000924
5575.135820,0.000745
5577.064266,0.000750
5578.992711,0.000790
5580.921157,0.000783
5582.849602,0.000690
5584.778048,0.000478
5586.706493,0.000254
5588.634938,0.000310
5590.563384,0.000722
5592.491829,0.001192
5594.420275,0.001362
5596.348720,0.001135
5598.277166,0.000784
5600.205611,0.000612
5602.134057,0.000580
5604.062502,0.000505
5605.990948,0.000367
5607.919393,0.000312
5609.847839,0.000528
5611.776284,0.000938
5613.704729,0.001177
5615.633175,0.001107
5617.561620,0.000941
5619.490066,0.000804
5621.418511,0.000669
5623.346957,0.000601
5625.275402,0.000633
5627.203848,0.000675
5629.132293,0.000662
5631.060739,0.000612
5632.989184,0.000539
5634.917629,0.000458
5636.846075,0.000506
5638.774520,0.000773
5640.702966,0.001083
5642.631411,0.001202
5644.559857,0.001101
5646.488302,0.000929
5648.416748,0.000900
5650.345193,0.001116
5652.273639,0.001476
5654.202084,0.001630
5656.130530,0.001329
5658.058975,0.000871
5659.987420,0.000696
5661.915866,0.000728
5663.844311,0.000725
5665.772757,0.000753
5667.701202,0.000873
5669.629648,0.000939
5671.558093,0.000837
5673.486539,0.000625
5675.414984,0.000453
5677.343430,0.000398
5679.271875,0.000464
5681.200320,0.000670
5683.128766,0.000937
5685.057211,0.001045
5686.985657,0.000888
5688.914102,0.000634
5690.842548,0.000545
5692.770993,0.000658
5694.699439,0.000754
5696.627884,0.000679
5698.556330,0.000518
5700.484775,0.000506
5702.413221,0.000746
5704.341666,0.001045
5706.270111,0.001144
5708.198557,0.001015
5710.127002,0.000736
5712.055448,0.000447
5713.983893,0.000383
5715.912339,0.000564
5717.840784,0.000737
5719.769230,0.000797
5721.697675,0.000821
5723.626121,0.000794
5725.554566,0.000655
5727.483011,0.000445
5729.411457,0.000254
5731.339902,0.000211
5733.268348,0.000429
5735.196793,0.000773
5737.125239,0.000985
5739.053684,0.001050
5740.982130,0.001114
5742.910575,0.001129
5744.839021,0.000918
5746.767466,0.000538
5748.695912,0.000277
5750.624357,0.000281
5752.552802,0.000419
5754.481248,0.000542
5756.409693,0.000659
5758.338139,0.000803
5760.266584,0.000860
5762.195030,0.000727
5764.123475,0.000510
5766.051921,0.000388
5767.980366,0.000390
5769.908812,0.000419
5771.837257,0.000462
5773.765702,0.000654
5775.694148,0.001038
5777.622593,0.001404
5779.551039,0.001455
5781.479484,0.001090
5783.407930,0.000512
5785.336375,0.000105
5787.264821,0.000140
5789.193266,0.000523
5791.121712,0.000851
5793.050157,0.000853
5794.978603,0.000619
5796.907048,0.000426
5798.835493,0.000463
5800.763939,0.000663
5802.692384,0.000785
5804.620830,0.000744
5806.549275,0.000639
5808.477721,0.000580
5810.406166,0.000547
5812.334612,0.000383
5814.263057,0.000072
5816.191503,-0.000086
5818.119948,0.000137
5820.048393,0.000593
5821.976839,0.000991
5823.905284,0.001220
5825.833730,0.001313
5827.762175,0.001253
5829.690621,0.001038
5831.619066,0.000803
5833.547512,0.000629
5835.475957,0.000554
5837.404403,0.000641
5839.332848,0.000804
5841.261294,0.000835
5843.189739,0.000721
5845.118184,0.000615
5847.046630,0.000641
5848.975075,0.000862
5850.903521,0.001169
5852.831966,0.001287
5854.760412,0.001135
5856.688857,0.000931
5858.617303,0.000826
5860.545748,0.000763
5862.474194,0.000660
5864.402639,0.000475
5866.331084,0.000203
5868.259530,0.000025
5870.187975,0.000164
5872.116421,0.000590
5874.044866,0.000978
5875.973312,0.001035
5877.901757,0.000841
5879.830203,0.000757
5881.758648,0.000957
5883.687094,0.001225
5885.615539,0.001221
5887.543985,0.000874
5889.472430,0.000503
5891.400875,0.000369
5893.329321,0.000391
5895.257766,0.000522
5897.186212,0.000760
5899.114657,0.000856
5901.043103,0.000715
5902.971548,0.000636
5904.899994,0.000745
5906.828439,0.000765
5908.756885,0.000588
5910.685330,0.000543
5912.613775,0.000859
5914.542221,0.001300
5916.470666,0.001542
5918.399112,0.001513
5920.327557,0.001230
5922.256003,0.000786
5924.184448,0.000386
5926.112894,0.000165
5928.041339,0.000197
5929.969785,0.000369
5931.898230,0.000482
5933.826676,0.000483
5935.755121,0.000537
5937.683566,0.000721
5939.612012,0.000868
5941.540457,0.000801
5943.468903,0.000550
5945.397348,0.000358
5947.325794,0.000422
5949.254239,0.000619
5951.182685,0.000706
5953.111130,0.000670
5955.039576,0.000720
5956.968021,0.000926
5958.896466,0.001131
5960.824912,0.001211
5962.753357,0.001157
5964.681803,0.000989
5966.610248,0.000818
5968.538694,0.000785
5970.467139,0.000830
5972.395585,0.000804
5974.324030,0.000715
5976.252476,0.000690
5978.180921,0.000777
5980.109367,0.000896
5982.037812,0.000908
5983.966257,0.000723
5985.894703,0.000405
5987.823148,0.000217
5989.751594,0.000382
5991.680039,0.000755
5993.608485,0.001023
5995.536930,0.001189
5997.465376,0.001338
5999.393821,0.001290
6001.322267,0.000952
6003.250712,0.000572
6005.179157,0.000480
6007.107603,0.000692
6009.036048,0.000960
6010.964494,0.001021
6012.892939,0.000823
6014.821385,0.000526
6016.749830,0.000242
6018.678276,-0.000020
6020.606721,-0.000087
6022.535167,0.000196
6024.463612,0.000606
6026.392058,0.000807
6028.320503,0.000762
6030.248948,0.000742
6032.177394,0.001002
6034.105839,0.001416
6036.034285,0.001629
6037.962730,0.001447
6039.891176,0.001023
6041.819621,0.000555
6043.748067,0.000178
6045.676512,0.000013
6047.604958,0.000058
6049.533403,0.000197
6051.461848,0.000360
6053.390294,0.000579
6055.318739,0.000847
6057.247185,0.001049
6059.175630,0.001127
6061.104076,0.001098
6063.032521,0.000944
6064.960967,0.000688
6066.889412,0.000490
6068.817858,0.000511
6070.746303,0.000694
6072.674749,0.000773
6074.603194,0.000659
6076.531639,0.000575
6078.460085,0.000630
6080.388530,0.000667
6082.316976,0.000624
6084.245421,0.000622
6086.173867,0.000665
6088.102312,0.000632
6090.030758,0.000523
6091.959203,0.000442
6093.887649,0.000418
6095.816094,0.000453
6097.744539,0.000568
6099.672985,0.000672
6101.601430,0.000664
6103.529876,0.000643
6105.458321,0.000717
6107.386767,0.000794
6109.315212,0.000790
6111.243658,0.000726
6113.172103,0.000563
6115.100549,0.000314
6117.028994,0.000196
6118.957440,0.000312
6120.885885,0.000498
6122.814330,0.000587
6124.742776,0.000586
6126.671221,0.000615
6128.599667,0.000713
6130.528112,0.000722
6132.456558,0.000556
6134.385003,0.000423
6136.313449,0.000487
6138.241894,0.000616
6140.170340,0.000700
6142.098785,0.000803
6144.027231,0.000903
6145.955676,0.000860
6147.884121,0.000666
6149.812567,0.000510
6151.741012,0.000578
6153.669458,0.000809
6155.597903,0.000929
6157.526349,0.000803
6159.454794,0.000618
6161.383240,0.000614
6163.311685,0.000738
6165.240131,0.000810
6167.168576,0.000867
6169.097021,0.001040
6171.025467,0.001204
6172.953912,0.001087
6174.882358,0.000658
6176.810803,0.000209
6178.739249,0.000080
6180.667694,0.000353
6182.596140,0.000780
6184.524585,0.000979
6186.453031,0.000842
6188.381476,0.000680
6190.309922,0.000761
6192.238367,0.000975
6194.166812,0.001108
6196.095258,0.001098
6198.023703,0.001003
6199.952149,0.000966
6201.880594,0.001052
6203.809040,0.001079
6205.737485,0.000928
6207.665931,0.000829
6209.594376,0.000935
6211.522822,0.001097
6213.451267,0.001131
6215.379712,0.000978
6217.308158,0.000735
6219.236603,0.000565
6221.165049,0.000507
6223.093494,0.000484
6225.021940,0.000473
6226.950385,0.000524
6228.878831,0.000641
6230.807276,0.000780
6232.735722,0.000914
6234.664167,0.001031
6236.592613,0.001114
6238.521058,0.001133
6240.449503,0.001078
6242.377949,0.000966
6244.306394,0.000824
6246.234840,0.000762
6248.163285,0.000890
6250.091731,0.001040
6252.020176,0.000919
6253.948622,0.000585
6255.877067,0.000368
6257.805513,0.000422
6259.733958,0.000671
6261.662403,0.000969
6263.590849,0.001107
6265.519294,0.000982
6267.447740,0.000737
6269.376185,0.000523
6271.304631,0.000312
6273.233076,0.000114
6275.161522,0.000051
6277.089967,0.000192
6279.018413,0.000521
6280.946858,0.000904
6282.875304,0.001195
6284.803749,0.001277
6286.732194,0.001145
6288.660640,0.000875
6290.589085,0.000636
6292.517531,0.000567
6294.445976,0.000615
6296.374422,0.000672
6298.302867,0.000749
6300.231313,0.000883
6302.159758,0.000996
6304.088204,0.000949
6306.016649,0.000743
6307.945094,0.000564
6309.873540,0.000504
6311.801985,0.000415
6313.730431,0.000307
6315.658876,0.000406
6317.587322,0.000686
6319.515767,0.000796
6321.444213,0.000580
6323.372658,0.000334
6325.301104,0.000404
6327.229549,0.000771
6329.157995,0.001133
6331.086440,0.001199
6333.014885,0.000959
6334.943331,0.000664
6336.871776,0.000529
6338.800222,0.000533
6340.728667,0.000572
6342.657113,0.000632
6344.585558,0.000664
6346.514004,0.000581
6348.442449,0.000553
6350.370895,0.000801
6352.299340,0.001089
6354.227785,0.001100
6356.156231,0.000939
6358.084676,0.000789
6360.013122,0.000659
6361.941567,0.000589
6363.870013,0.000665
6365.798458,0.000879
6367.726904,0.001021
6369.655349,0.000872
6371.583795,0.000558
6373.512240,0.000395
6375.440686,0.000464
6377.369131,0.000599
6379.297576,0.000617
6381.226022,0.000535
6383.154467,0.000499
6385.082913,0.000563
6387.011358,0.000675
6388.939804,0.000763
6390.868249,0.000816
6392.796695,0.000879
6394.725140,0.000890
6396.653586,0.000775
6398.582031,0.000652
6400.510476,0.000609
6402.438922,0.000621
6404.367367,0.000694
6406.295813,0.000727
6408.224258,0.000609
6410.152704,0.000516
6412.081149,0.000616
6414.009595,0.000776
6415.938040,0.000876
6417.866486,0.000977
6419.794931,0.000997
6421.723377,0.000674
6423.651822,0.000083
6425.580267,-0.000289
6427.508713,-0.000177
6429.437158,0.000181
6431.365604,0.000451
6433.294049,0.000530
6435.222495,0.000456
6437.150940,0.000365
6439.079386,0.000435
6441.007831,0.000656
6442.936277,0.000858
6444.864722,0.001008
6446.793167,0.001121
6448.721613,0.001048
6450.650058,0.000748
6452.578504,0.000433
6454.506949,0.000341
6456.435395,0.000399
6458.363840,0.000427
6460.292286,0.000481
6462.220731,0.000679
6464.149177,0.000878
6466.077622,0.000867
6468.006068,0.000711
6469.934513,0.000667
6471.862958,0.000769
6473.791404,0.000851
6475.719849,0.000810
6477.648295,0.000670
6479.576740,0.000506
6481.505186,0.000382
6483.433631,0.000336
6485.362077,0.000324
6487.290522,0.000315
6489.218968,0.000331
6491.147413,0.000413
6493.075858,0.000580
6495.004304,0.000731
6496.932749,0.000656
6498.861195,0.000357
6500.789640,0.000136
6502.718086,0.000103
6504.646531,0.000138
6506.574977,0.000214
6508.503422,0.000317
6510.431868,0.000352
6512.360313,0.000314
6514.288759,0.000218
6516.217204,0.000094
6518.145649,0.000142
6520.074095,0.000484
6522.002540,0.000837
6523.930986,0.000870
6525.859431,0.000692
6527.787877,0.000587
6529.716322,0.000607
6531.644768,0.000712
6533.573213,0.000841
6535.501659,0.000873
6537.430104,0.000782
6539.358549,0.000630
6541.286995,0.000457
6543.215440,0.000367
6545.143886,0.000479
6547.072331,0.000631
6549.000777,0.000603
6550.929222,0.000516
6552.857668,0.000557
6554.786113,0.000655
6556.714559,0.000746
6558.643004,0.000830
6560.571450,0.000795
6562.499895,0.000676
6564.428340,0.000680
6566.356786,0.000811
6568.285231,0.000823
6570.213677,0.000617
6572.142122,0.000402
6574.070568,0.000283
6575.999013,0.000140
6577.927459,0.000024
6579.855904,0.000088
6581.784350,0.000208
6583.712795,0.000147
6585.641240,-0.000044
6587.569686,-0.000030
6589.498131,0.000291
6591.426577,0.000649
6593.355022,0.000804
6595.283468,0.000788
6597.211913,0.000673
6599.140359,0.000553
6601.068804,0.000518
6602.997250,0.000482
6604.925695,0.000389
6606.854141,0.000348
6608.782586,0.000365
6610.711031,0.000311
6612.639477,0.000188
6614.567922,0.000168
6616.496368,0.000370
6618.424813,0.000645
6620.353259,0.000721
6622.281704,0.000573
6624.210150,0.000432
6626.138595,0.000387
6628.067041,0.000384
6629.995486,0.000455
6631.923931,0.000628
6633.852377,0.000758
6635.780822,0.000693
6637.709268,0.000534
6639.637713,0.000517
6641.566159,0.000674
6643.494604,0.000799
6645.423050,0.000735
6647.351495,0.000585
6649.279941,0.000569
6651.208386,0.000656
6653.136832,0.000568
6655.065277,0.000206
6656.993722,-0.000132
6658.922168,-0.000146
6660.850613,0.000066
6662.779059,0.000276
6664.707504,0.000478
6666.635950,0.000684
6668.564395,0.000810
6670.492841,0.000797
6672.421286,0.000688
6674.349732,0.000577
6676.278177,0.000527
6678.206622,0.000509
6680.135068,0.000489
6682.063513,0.000557
6683.991959,0.000779
6685.920404,0.000987
6687.848850,0.000962
6689.777295,0.000748
6691.705741,0.000547
6693.634186,0.000468
6695.562632,0.000485
6697.491077,0.000488
6699.419523,0.000377
6701.347968,0.000234
6703.276413,0.000254
6705.204859,0.000459
6707.133304,0.000675
6709.061750,0.000773
6710.990195,0.000779
6712.918641,0.000715
6714.847086,0.000513
6716.775532,0.000208
6718.703977,-0.000001
6720.632423,0.000053
6722.560868,0.000336
6724.489313,0.000561
6726.417759,0.000453
6728.346204,0.000134
6730.274650,-0.000037
6732.203095,0.000060
6734.131541,0.000320
6736.059986,0.000597
6737.988432,0.000701
6739.916877,0.000532
6741.845323,0.000269
6743.773768,0.000190
6745.702214,0.000309
6747.630659,0.000488
6749.559104,0.000622
6751.487550,0.000659
6753.415995,0.000640
6755.344441,0.000687
6757.272886,0.000759
6759.201332,0.000663
6761.129777,0.000427
6763.058223,0.000309
6764.986668,0.000328
6766.915114,0.000293
6768.843559,0.000196
6770.772004,0.000195
6772.700450,0.000298
6774.628895,0.000332
6776.557341,0.000199
6778.485786,0.000118
6780.414232,0.000318
6782.342677,0.000569
6784.271123,0.000548
6786.199568,0.000386
6788.128014,0.000344
6790.056459,0.000448
6791.984905,0.000629
6793.913350,0.000778
6795.841795,0.000787
6797.770241,0.000643
6799.698686,0.000439
6801.627132,0.000329
6803.555577,0.000338
6805.484023,0.000309
6807.412468,0.000214
6809.340914,0.000206
6811.269359,0.000316
6813.197805,0.000436
6815.126250,0.000582
6817.054695,0.000827
6818.983141,0.001005
6820.911586,0.000853
6822.840032,0.000389
6824.768477,-0.000046
6826.696923,-0.000093
6828.625368,0.000264
6830.553814,0.000633
6832.482259,0.000640
6834.410705,0.000349
6836.339150,0.000158
6838.267596,0.000310
6840.196041,0.000558
6842.124486,0.000566
6844.052932,0.000323
6845.981377,0.000077
6847.909823,0.000082
6849.838268,0.000336
6851.766714,0.000470
6853.695159,0.000236
6855.623605,-0.000042
6857.552050,0.000046
6859.480496,0.000402
6861.408941,0.000621
6863.337386,0.000535
6865.265832,0.000352
6867.194277,0.000294
6869.122723,0.000372
6871.051168,0.000525
6872.979614,0.000599
6874.908059,0.000481
6876.836505,0.000300
6878.764950,0.000214
6880.693396,0.000234
6882.621841,0.000367
6884.550287,0.000568
6886.478732,0.000651
6888.407177,0.000429
6890.335623,-0.000002
6892.264068,-0.000354
6894.192514,-0.000530
6896.120959,-0.000501
6898.049405,-0.000287
6899.977850,0.000184
6901.906296,0.000651
6903.834741,0.000853
6905.763187,0.000765
6907.691632,0.000526
6909.620077,0.000285
6911.548523,0.000121
6913.476968,0.000031
6915.405414,0.000064
6917.333859,0.000198
6919.262305,0.000237
6921.190750,0.000084
6923.119196,-0.000020
6925.047641,0.000117
6926.976087,0.000304
6928.904532,0.000293
6930.832978,0.000135
6932.761423,0.000117
6934.689868,0.000360
6936.618314,0.000682
6938.546759,0.000781
6940.475205,0.000614
6942.403650,0.000419
6944.332096,0.000289
6946.260541,0.000128
6948.188987,0.000080
6950.117432,0.000291
6952.045878,0.000545
6953.974323,0.000613
6955.902768,0.000522
6957.831214,0.000315
6959.759659,0.000078
6961.688105,-0.000060
6963.616550,-0.000079
6965.544996,-0.000040
6967.473441,0.000044
6969.401887,0.000133
6971.330332,0.000260
6973.258778,0.000476
6975.187223,0.000608
6977.115669,0.000563
6979.044114,0.000485
6980.972559,0.000400
6982.901005,0.000189
6984.829450,-0.000019
6986.757896,-0.000069
6988.686341,-0.000056
6990.614787,-0.000025
6992.543232,0.000080
6994.471678,0.000113
6996.400123,-0.000059
6998.328569,-0.000282
7000.257014,-0.000323
7002.185459,-0.000165
7004.113905,0.000065
7006.042350,0.000239
7007.970796,0.000236
7009.899241,0.000155
7011.827687,0.000230
7013.756132,0.000455
7015.684578,0.000546
7017.613023,0.000347
7019.541469,0.000052
7021.469914,-0.000058
7023.398360,0.000082
7025.326805,0.000335
7027.255250,0.000453
7029.183696,0.000367
7031.112141,0.000305
7033.040587,0.000380
7034.969032,0.000465
7036.897478,0.000505
7038.825923,0.000513
7040.754369,0.000448
7042.682814,0.000300
7044.611260,0.000157
7046.539705,0.000107
7048.468150,0.000124
7050.396596,0.000116
7052.325041,-0.000002
7054.253487,-0.000200
7056.181932,-0.000370
7058.110378,-0.000353
7060.038823,-0.000150
7061.967269,0.000055
7063.895714,0.000151
7065.824160,0.000182
7067.752605,0.000189
7069.681051,0.000126
7071.609496,-0.000032
7073.537941,-0.000168
7075.466387,-0.000100
7077.394832,0.000213
7079.323278,0.000588
7081.251723,0.000797
7083.180169,0.000803
7085.108614,0.000657
7087.037060,0.000339
7088.965505,-0.000034
7090.893951,-0.000159
7092.822396,-0.000004
7094.750841,0.000095
7096.679287,-0.000006
7098.607732,-0.000124
7100.536178,-0.000209
7102.464623,-0.000303
7104.393069,-0.000261
7106.321514,-0.000091
7108.249960,-0.000025
7110.178405,0.000016
7112.106851,0.000263
7114.035296,0.000518
7115.963742,0.000515
7117.892187,0.000304
7119.820632,0.000137
7121.749078,0.000126
7123.677523,0.000197
7125.605969,0.000233
7127.534414,0.000186
7129.462860,0.000037
7131.391305,-0.000193
7133.319751,-0.000427
7135.248196,-0.000423
7137.176642,0.000006
7139.105087,0.000528
7141.033533,0.000507
7142.961978,-0.000023
7144.890423,-0.000364
7146.818869,-0.000320
7148.747314,-0.000027
7150.675760,0.000266
7152.604205,0.000448
7154.532651,0.000504
7156.461096,0.000439
7158.389542,0.000295
7160.317987,0.000160
7162.246433,0.000104
7164.174878,0.000140
7166.103323,0.000238
7168.031769,0.000379
7169.960214,0.000482
7171.888660,0.000421
7173.817105,0.000239
7175.745551,0.000142
7177.673996,0.000158
7179.602442,0.000156
7181.530887,0.000146
7183.459333,0.000170
7185.387778,0.000149
7187.316224,0.000070
7189.244669,0.000031
7191.173114,0.000068
7193.101560,0.000151
7195.030005,0.000257
7196.958451,0.000303
7198.886896,0.000191
7200.815342,0.000013
7202.743787,-0.000058
7204.672233,-0.000029
7206.600678,0.000015
7208.529124,0.000171
7210.457569,0.000601
7212.386014,0.000711
7214.314460,-0.000063
7216.242905,-0.000636
7218.171351,-0.000633
7220.099796,-0.000283
7222.028242,0.000110
7223.956687,0.000452
7225.885133,0.000628
7227.813578,0.000585
7229.742024,0.000326
7231.670469,0.000007
7233.598915,-0.000229
7235.527360,-0.000253
7237.455805,-0.000067
7239.384251,0.000217
7241.312696,0.000389
7243.241142,0.000394
7245.169587,0.000268
7247.098033,0.000085
7249.026478,0.000024
7250.954924,0.000172
7252.883369,0.000416
7254.811815,0.000528
7256.740260,0.000497
7258.668705,0.000443
7260.597151,0.000431
7262.525596,0.000414
7264.454042,0.000357
7266.382487,0.000310
7268.310933,0.000310
7270.239378,0.000347
7272.167824,0.000395
7274.096269,0.000390
7276.024715,0.000318
7277.953160,0.000295
7279.881606,0.000343
7281.810051,0.000316
7283.738496,0.000158
7285.666942,0.000037
7287.595387,0.000136
7289.523833,0.000330
7291.452278,0.000317
7293.380724,0.000095
7295.309169,0.000025
7297.237615,0.000197
7299.166060,0.000276
7301.094506,0.000154
7303.022951,0.000015
7304.951396,0.000042
7306.879842,0.000197
7308.808287,0.000340
7310.736733,0.000400
7312.665178,0.000405
7314.593624,0.000455
7316.522069,0.000546
7318.450515,0.000588
7320.378960,0.000511
7322.307406,0.000407
7324.235851,0.000391
7326.164297,0.000441
7328.092742,0.000382
7330.021187,0.000098
7331.949633,-0.000152
7333.878078,-0.000002
7335.806524,0.000431
7337.734969,0.000666
7339.663415,0.000490
7341.591860,0.000127
7343.520306,-0.000096
7345.448751,-0.000062
7347.377197,0.000146
7349.305642,0.000393
7351.234087,0.000512
7353.162533,0.000319
7355.090978,-0.000074
7357.019424,-0.000318
7358.947869,-0.000297
7360.876315,-0.000134
7362.804760,0.000060
7364.733206,0.000185
7366.661651,0.000234
7368.590097,0.000345
7370.518542,0.000510
7372.446988,0.000551
7374.375433,0.000491
7376.303878,0.000516
7378.232324,0.000631
7380.160769,0.000676
7382.089215,0.000593
7384.017660,0.000504
7385.946106,0.000507
7387.874551,0.000596
7389.802997,0.000717
7391.731442,0.000791
7393.659888,0.000749
7395.588333,0.000614
7397.516778,0.000515
7399.445224,0.000537
7401.373669,0.000509
7403.302115,0.000278
7405.230560,0.000059
7407.159006,0.000105
7409.087451,0.000340
7411.015897,0.000471
7412.944342,0.000380
7414.872788,0.000226
7416.801233,0.000182
7418.729679,0.000194
7420.658124,0.000238
7422.586569,0.000400
7424.515015,0.000614
7426.443460,0.000690
7428.371906,0.000610
7430.300351,0.000534
7432.228797,0.000548
7434.157242,0.000556
7436.085688,0.000512
7438.014133,0.000552
7439.942579,0.000661
7441.871024,0.000629
7443.799469,0.000480
7445.727915,0.000411
7447.656360,0.000405
7449.584806,0.000368
7451.513251,0.000341
7453.441697,0.000356
7455.370142,0.000376
7457.298588,0.000393
7459.227033,0.000444
7461.155479,0.000524
7463.083924,0.000533
7465.012370,0.000432
7466.940815,0.000352
7468.869260,0.000425
7470.797706,0.000558
7472.726151,0.000578
7474.654597,0.000500
7476.583042,0.000368
7478.511488,0.000175
7480.439933,0.000093
7482.368379,0.000269
7484.296824,0.000492
7486.225270,0.000511
7488.153715,0.000405
7490.082160,0.000331
7492.010606,0.000289
7493.939051,0.000336
7495.867497,0.000493
7497.795942,0.000570
7499.724388,0.000490
7501.652833,0.000379
7503.581279,0.000303
7505.509724,0.000269
7507.438170,0.000279
7509.366615,0.000227
7511.295061,0.000056
7513.223506,-0.000026
7515.151951,0.000197
7517.080397,0.000580
7519.008842,0.000764
7520.937288,0.000589
7522.865733,0.000249
7524.794179,0.000070
7526.722624,0.000174
7528.651070,0.000368
7530.579515,0.000466
7532.507961,0.000541
7534.436406,0.000635
7536.364851,0.000596
7538.293297,0.000427
7540.221742,0.000324
7542.150188,0.000338
7544.078633,0.000363
7546.007079,0.000366
7547.935524,0.000371
7549.863970,0.000311
7551.792415,0.000154
7553.720861,0.000096
7555.649306,0.000304
7557.577752,0.000590
7559.506197,0.000642
7561.434642,0.000480
7563.363088,0.000398
7565.291533,0.000492
7567.219979,0.000568
7569.148424,0.000497
7571.076870,0.000371
7573.005315,0.000320
7574.933761,0.000340
7576.862206,0.000322
7578.790652,0.000227
7580.719097,0.000184
7582.647542,0.000230
7584.575988,0.000167
7586.504433,-0.000025
7588.432879,-0.000067
7590.361324,0.000152
7592.289770,0.000457
7594.218215,0.000607
7596.146661,0.000513
7598.075106,0.000309
7600.003552,0.000174
7601.931997,0.000137
7603.860443,0.000167
7605.788888,0.000249
7607.717333,0.000322
7609.645779,0.000323
7611.574224,0.000277
7613.502670,0.000255
7615.431115,0.000266
7617.359561,0.000259
7619.288006,0.000218
7621.216452,0.000064
7623.144897,-0.000274
7625.073343,-0.000504
7627.001788,-0.000272
7628.930233,0.000238
7630.858679,0.000576
7632.787124,0.000612
7634.715570,0.000509
7636.644015,0.000418
7638.572461,0.000382
7640.500906,0.000385
7642.429352,0.000464
7644.357797,0.000638
7646.286243,0.000697
7648.214688,0.000435
7650.143134,-0.000012
7652.071579,-0.000358
7654.000024,-0.000365
7655.928470,0.000039
7657.856915,0.000488
7659.785361,0.000574
7661.713806,0.000379
7663.642252,0.000219
7665.570697,0.000225
7667.499143,0.000295
7669.427588,0.000308
7671.356034,0.000253
7673.284479,0.000187
7675.212924,0.000229
7677.141370,0.000449
7679.069815,0.000693
7680.998261,0.000740
7682.926706,0.000643
7684.855152,0.000616
7686.783597,0.000606
7688.712043,0.000429
7690.640488,0.000184
7692.568934,0.000036
7694.497379,0.000020
7696.425825,0.000203
7698.354270,0.000517
7700.282715,0.000686
7702.211161,0.000555
7704.139606,0.000241
7706.068052,-0.000021
7707.996497,-0.000058
7709.924943,0.000043
7711.853388,0.000139
7713.781834,0.000321
7715.710279,0.000594
7717.638725,0.000703
7719.567170,0.000584
7721.495615,0.000438
7723.424061,0.000360
7725.352506,0.000271
7727.280952,0.000137
7729.209397,0.000102
7731.137843,0.000249
7733.066288,0.000414
7734.994734,0.000435
7736.923179,0.000411
7738.851625,0.000523
7740.780070,0.000734
7742.708516,0.000873
7744.636961,0.000851
7746.565406,0.000706
7748.493852,0.000523
7750.422297,0.000359
7752.350743,0.000186
7754.279188,0.000076
7756.207634,0.000158
7758.136079,0.000383
7760.064525,0.000617
7761.992970,0.000778
7763.921416,0.000773
7765.849861,0.000660
7767.778306,0.000567
7769.706752,0.000474
7771.635197,0.000374
7773.563643,0.000367
7775.492088,0.000436
7777.420534,0.000488
7779.348979,0.000574
7781.277425,0.000712
7783.205870,0.000695
7785.134316,0.000465
7787.062761,0.000366
7788.991207,0.000611
7790.919652,0.000866
7792.848097,0.000802
7794.776543,0.000611
7796.704988,0.000592
7798.633434,0.000615
7800.561879,0.000469
7802.490325,0.000187
7804.418770,-0.000065
7806.347216,-0.000130
7808.275661,0.000014
7810.204107,0.000289
7812.132552,0.000526
7814.060997,0.000616
7815.989443,0.000618
7817.917888,0.000627
7819.846334,0.000735
7821.774779,0.000978
7823.703225,0.001154
7825.631670,0.001069
7827.560116,0.000852
7829.488561,0.000715
7831.417007,0.000677
7833.345452,0.000636
7835.273898,0.000485
7837.202343,0.000258
7839.130788,0.000133
7841.059234,0.000228
7842.987679,0.000296
7844.916125,0.000138
7846.844570,-0.000113
7848.773016,-0.000199
7850.701461,-0.000079
7852.629907,0.000101
7854.558352,0.000345
7856.486798,0.000640
7858.415243,0.000720
7860.343688,0.000457
7862.272134,0.000198
7864.200579,0.000192
7866.129025,0.000206
7868.057470,0.000102
7869.985916,0.000086
7871.914361,0.000178
7873.842807,0.000221
7875.771252,0.000217
7877.699698,0.000252
7879.628143,0.000322
7881.556589,0.000412
7883.485034,-0.000410
7885.413479,-0.000533
7887.341925,-0.000576
7889.270370,-0.000516
7891.198816,-0.000489
7893.127261,-0.000616
7895.055707,-0.000763
7896.984152,-0.000731
